"日付","始値","高値","安値","終値","買スワップ","売スワップ"
"2025/06/03","142.636","144.111","142.374","144.004","157","-165"
"2025/06/02","143.731","143.988","142.538","142.682","158","-166"
"2025/05/30","144.165","144.442","143.436","144.056","158","-166"
"2025/05/29","144.782","146.282","143.962","144.167","477","-501"
"2025/05/28","144.328","145.080","143.843","144.878","156","-164"
"2025/05/27","142.841","144.457","142.112","144.339","157","-165"
"2025/05/26","142.456","143.079","142.223","142.828","156","-164"
"2025/05/23","144.052","144.094","142.423","142.575","0","0"
"2025/05/22","143.545","144.399","142.799","143.999","632","-664"
"2025/05/21","144.524","144.599","143.284","143.683","159","-167"
"2025/05/20","144.817","145.516","144.082","144.516","159","-167"
"2025/05/19","145.450","145.461","144.660","144.874","159","-167"
"2025/05/16","145.646","146.101","144.914","145.632","157","-165"
"2025/05/15","146.559","146.748","145.407","145.655","483","-507"
"2025/05/14","147.419","147.670","145.591","146.766","161","-169"
"2025/05/13","148.407","148.459","147.375","147.456","160","-168"
"2025/05/12","146.149","148.650","145.703","148.467","158","-166"
"2025/05/09","145.811","146.190","144.822","145.378","157","-165"
"2025/05/08","143.739","146.179","143.443","145.900","474","-498"
"2025/05/07","142.446","143.997","142.376","143.836","158","-166"
"2025/05/06","143.689","144.277","142.352","142.395","0","0"
"2025/05/05","144.844","144.991","143.540","143.717","0","0"
"2025/05/02","145.425","145.928","143.724","144.861","156","-164"
"2025/05/01","142.965","145.737","142.874","145.348","775","-815"
"2025/04/30","142.271","143.189","142.159","143.067","155","-163"
"2025/04/29","142.000","142.759","141.968","142.369","0","0"
"2025/04/28","143.582","143.893","141.982","142.004","154","-162"
"2025/04/25","142.556","144.026","142.495","143.740","308","-324"
"2025/04/24","143.375","143.399","142.279","142.565","462","-486"
"2025/04/23","141.464","143.579","141.449","143.475","154","-162"
"2025/04/22","140.882","141.667","139.890","141.620","155","-163"
"2025/04/21","141.907","142.110","140.471","140.887","155","-163"
"2025/04/18","142.375","142.490","142.096","142.127","154","-162"
"2025/04/17","141.783","143.079","141.609","142.491","465","-489"
"2025/04/16","143.197","143.281","141.644","141.899","155","-163"
"2025/04/15","142.979","143.594","142.598","143.243","157","-165"
"2025/04/14","143.654","144.089","142.240","143.055","158","-166"
"2025/04/11","144.529","144.640","142.053","143.572","157","-165"
"2025/04/10","147.788","147.818","144.017","144.597","480","-504"
"2025/04/09","146.196","148.274","143.996","147.737","160","-168"
"2025/04/08","147.886","148.121","145.963","146.286","160","-168"
"2025/04/07","145.651","148.142","144.813","147.835","160","-168"
"2025/04/04","146.014","147.433","144.548","146.896","160","-168"
"2025/04/03","149.126","149.167","145.183","146.074","480","-504"
"2025/04/02","149.556","150.482","149.101","149.367","160","-168"
"2025/04/01","149.921","150.139","148.977","149.615","160","-168"
"2025/03/31","149.628","150.267","148.696","149.971","163","-171"
"2025/03/28","150.983","151.211","149.683","149.860","200","-208"
"2025/03/27","150.535","151.157","150.059","151.055","483","-507"
"2025/03/26","149.858","150.746","149.839","150.573","161","-169"
"2025/03/25","150.602","150.944","149.546","149.909","161","-169"
"2025/03/24","149.368","150.757","149.366","150.686","161","-169"
"2025/03/21","148.709","149.665","148.582","149.319","161","-169"
"2025/03/20","148.684","148.961","148.176","148.774","0","0"
"2025/03/19","149.229","150.149","148.602","148.619","480","-504"
"2025/03/18","149.166","149.935","149.098","149.297","320","-336"
"2025/03/17","148.728","149.283","148.213","149.176","159","-167"
"2025/03/14","147.704","149.022","147.703","148.605","160","-168"
"2025/03/13","148.225","148.374","147.410","147.800","480","-504"
"2025/03/12","147.761","149.194","147.605","148.308","161","-169"
"2025/03/11","147.265","148.116","146.545","147.760","161","-169"
"2025/03/10","147.624","147.853","146.628","147.293","163","-171"
"2025/03/07","147.934","148.201","146.947","148.022","163","-171"
"2025/03/06","148.737","149.324","147.310","147.980","492","-516"
"2025/03/05","149.709","150.184","148.392","148.834","165","-173"
"2025/03/04","149.631","149.880","148.092","149.824","167","-175"
"2025/03/03","150.679","151.305","149.095","149.494","163","-171"
"2025/02/28","149.769","150.987","149.095","150.580","163","-171"
"2025/02/27","149.044","150.159","148.742","149.805","522","-546"
"2025/02/26","148.971","149.888","148.620","149.117","164","-172"
"2025/02/25","149.699","150.301","148.547","149.016","165","-173"
"2025/02/24","149.249","149.875","148.841","149.729","0","0"
"2025/02/21","149.557","150.737","148.924","149.328","165","-173"
"2025/02/20","151.393","151.432","149.397","149.612","660","-692"
"2025/02/19","151.953","152.310","151.242","151.488","166","-174"
"2025/02/18","151.468","152.224","151.229","152.085","168","-176"
"2025/02/17","152.201","152.384","151.339","151.513","158","-166"
"2025/02/14","152.762","153.156","152.027","152.354","0","0"
"2025/02/13","154.323","154.671","152.702","152.779","632","-656"
"2025/02/12","152.389","154.803","152.379","154.424","158","-164"
"2025/02/11","151.919","152.605","151.644","152.499","0","0"
"2025/02/10","151.243","152.539","151.231","151.999","155","-161"
"2025/02/07","151.407","152.420","150.930","151.449","316","-328"
"2025/02/06","152.513","152.894","151.235","151.458","483","-501"
"2025/02/05","154.319","154.462","152.108","152.613","161","-167"
"2025/02/04","154.695","155.521","154.171","154.317","161","-167"
"2025/02/03","154.738","155.883","154.008","154.863","161","-167"
"2025/01/31","154.191","155.221","153.915","155.191","161","-167"
"2025/01/30","155.190","155.241","153.781","154.293","519","-537"
"2025/01/29","155.503","155.791","154.935","155.256","173","-179"
"2025/01/28","154.473","155.971","154.473","155.520","161","-167"
"2025/01/27","155.696","156.245","153.718","154.522","161","-167"
"2025/01/24","156.027","156.571","154.843","155.941","204","-210"
"2025/01/23","156.397","156.750","155.745","156.056","630","-648"
"2025/01/22","155.465","156.707","155.352","156.545","165","-171"
"2025/01/21","155.576","156.227","154.763","155.505","165","-171"
"2025/01/20","156.223","156.587","155.408","155.600","165","-171"
"2025/01/17","155.105","156.373","154.976","156.276","0","0"
"2025/01/16","156.331","156.526","155.098","155.132","660","-684"
"2025/01/15","158.022","158.087","155.933","156.475","215","-221"
"2025/01/14","157.444","158.197","157.106","157.968","168","-174"
"2025/01/13","157.629","157.966","156.914","157.539","0","0"
"2025/01/10","158.066","158.872","157.225","157.752","229","-235"
"2025/01/09","158.265","158.399","157.575","158.124","916","-940"
"2025/01/08","157.985","158.551","157.904","158.365","229","-235"
"2025/01/07","157.509","158.422","157.366","158.072","229","-235"
"2025/01/06","157.171","157.961","156.226","157.636","229","-235"
"2025/01/03","157.450","157.566","156.872","157.312","0","0"
"2025/01/02","157.196","157.850","156.436","157.538","0","0"
"2024/12/31","156.874","157.546","156.017","157.239","0","0"
"2024/12/30","157.706","158.073","156.664","156.863","229","-235"
"2024/12/27","157.854","157.948","157.345","157.861","1,918","-1,960"
"2024/12/26","157.227","158.084","157.069","158.018","666","-684"
"2024/12/25","157.049","157.342","156.955","157.306","222","-228"
"2024/12/24","157.099","157.381","156.892","157.119","0","0"
"2024/12/23","156.336","157.268","156.319","157.155","332","-344"
"2024/12/20","157.347","157.922","155.949","156.457","211","-217"
"2024/12/19","154.768","157.807","154.432","157.434","633","-651"
"2024/12/18","153.394","154.850","153.336","154.849","163","-169"
"2024/12/17","154.128","154.343","153.159","153.535","224","-230"
"2024/12/16","153.599","154.478","153.318","154.141","224","-230"
"2024/12/13","152.580","153.802","152.453","153.675","168","-174"
"2024/12/12","152.369","152.774","151.795","152.654","504","-522"
"2024/12/11","151.912","152.842","151.005","152.471","168","-174"
"2024/12/10","151.183","152.176","150.897","151.955","168","-174"
"2024/12/09","149.980","151.345","149.694","151.195","168","-174"
"2024/12/06","150.015","150.697","149.359","150.061","168","-174"
"2024/12/05","150.520","150.772","149.652","150.088","504","-522"
"2024/12/04","149.563","151.230","149.523","150.627","168","-174"
"2024/12/03","149.538","150.231","148.643","149.579","168","-174"
"2024/12/02","149.630","150.748","149.074","149.566","168","-174"
"2024/11/29","151.510","151.534","149.467","149.703","168","-174"
"2024/11/28","151.099","151.953","150.850","151.524","504","-522"
"2024/11/27","153.053","153.232","150.457","151.137","0","0"
"2024/11/26","154.177","154.488","152.981","153.112","336","-348"
"2024/11/25","154.173","154.724","153.549","154.222","171","-177"
"2024/11/22","154.491","155.025","153.966","154.792","171","-177"
"2024/11/21","155.311","155.400","153.902","154.531","513","-531"
"2024/11/20","154.659","155.888","154.522","155.433","171","-177"
"2024/11/19","154.596","154.800","153.275","154.681","171","-177"
"2024/11/18","154.266","155.356","153.836","154.635","168","-174"
"2024/11/15","156.192","156.750","153.861","154.444","217","-223"
"2024/11/14","155.426","156.416","155.300","156.315","651","-669"
"2024/11/13","154.547","155.624","154.338","155.468","217","-223"
"2024/11/12","153.649","154.923","153.408","154.644","217","-223"
"2024/11/11","152.690","153.954","152.616","153.720","172","-178"
"2024/11/08","152.820","153.371","152.144","152.617","0","0"
"2024/11/07","154.517","154.704","152.688","152.940","904","-928"
"2024/11/06","151.530","154.721","151.280","154.635","180","-186"
"2024/11/05","152.074","152.545","151.334","151.614","180","-186"
"2024/11/04","152.295","152.587","151.532","152.154","0","0"
"2024/11/01","151.950","153.094","151.783","152.981","180","-186"
"2024/10/31","153.322","153.625","151.834","151.998","928","-952"
"2024/10/30","153.315","153.492","152.780","153.395","252","-258"
"2024/10/29","153.287","153.861","152.753","153.368","229","-235"
"2024/10/28","152.851","153.874","152.404","153.282","229","-235"
"2024/10/25","151.754","152.382","151.457","152.331","229","-235"
"2024/10/24","152.638","152.843","151.555","151.826","687","-705"
"2024/10/23","150.985","153.185","150.971","152.757","229","-235"
"2024/10/22","150.667","151.195","150.493","151.098","231","-237"
"2024/10/21","149.514","150.887","149.087","150.845","177","-183"
"2024/10/18","150.173","150.283","149.361","149.526","225","-231"
"2024/10/17","149.536","150.322","149.240","150.213","675","-693"
"2024/10/16","149.226","149.808","148.860","149.635","225","-231"
"2024/10/15","149.771","149.838","148.846","149.196","225","-231"
"2024/10/14","149.094","149.974","149.094","149.734","0","0"
"2024/10/11","148.498","149.283","148.405","149.141","225","-231"
"2024/10/10","149.150","149.548","148.199","148.566","888","-912"
"2024/10/09","148.162","149.364","148.003","149.305","222","-228"
"2024/10/08","148.115","148.380","147.349","148.201","173","-179"
"2024/10/07","148.764","149.114","147.844","148.187","222","-228"
"2024/10/04","146.749","149.002","145.919","148.649","222","-228"
"2024/10/03","146.304","147.237","146.288","146.954","660","-678"
"2024/10/02","143.522","146.507","143.421","146.477","170","-176"
"2024/10/01","143.606","144.521","142.952","143.544","175","-181"
"2024/09/30","142.244","143.915","141.637","143.663","166","-172"
"2024/09/27","144.788","146.496","142.064","142.271","315","-321"
"2024/09/26","144.657","145.215","144.111","144.863","684","-702"
"2024/09/25","143.136","144.845","142.883","144.758","178","-184"
"2024/09/24","143.511","144.680","143.112","143.162","178","-184"
"2024/09/23","143.841","144.455","143.164","143.619","0","0"
"2024/09/20","142.522","144.496","141.731","143.910","178","-184"
"2024/09/19","142.190","143.945","141.878","142.600","712","-736"
"2024/09/18","142.319","142.713","140.441","142.297","190","-196"
"2024/09/17","140.565","142.468","140.323","142.409","190","-196"
"2024/09/16","140.705","140.910","139.575","140.570","0","0"
"2024/09/13","141.781","141.880","140.277","140.885","190","-196"
"2024/09/12","142.264","143.037","141.728","141.807","760","-784"
"2024/09/11","142.394","142.528","140.702","142.373","194","-200"
"2024/09/10","143.104","143.711","142.196","142.484","194","-200"
"2024/09/09","142.101","143.795","141.940","143.149","194","-200"
"2024/09/06","143.394","144.031","141.750","142.324","194","-200"
"2024/09/05","143.628","144.231","142.845","143.445","582","-600"
"2024/09/04","145.508","145.557","143.711","143.716","194","-200"
"2024/09/03","146.818","147.203","145.094","145.477","237","-243"
"2024/09/02","146.055","147.171","145.777","146.883","237","-243"
"2024/08/30","144.891","146.249","144.644","146.208","0","0"
"2024/08/29","144.472","145.548","144.222","144.994","760","-784"
"2024/08/28","143.915","145.022","143.670","144.607","190","-196"
"2024/08/27","144.507","145.175","143.918","143.949","190","-196"
"2024/08/26","143.958","144.653","143.440","144.518","190","-196"
"2024/08/23","146.222","146.483","144.048","144.364","194","-200"
"2024/08/22","145.053","146.520","144.845","146.297","588","-606"
"2024/08/21","145.168","146.894","144.454","145.271","198","-204"
"2024/08/20","146.553","147.338","145.195","145.287","198","-204"
"2024/08/19","147.610","148.051","145.186","146.633","200","-206"
"2024/08/16","149.263","149.339","147.572","147.607","242","-248"
"2024/08/15","147.212","149.377","147.054","149.366","600","-618"
"2024/08/14","146.811","147.580","146.068","147.327","200","-206"
"2024/08/13","147.139","147.955","146.594","146.833","195","-201"
"2024/08/12","146.713","148.222","146.684","147.217","0","0"
"2024/08/09","147.217","147.806","146.259","146.658","195","-201"
"2024/08/08","146.692","147.531","145.420","147.267","780","-804"
"2024/08/07","144.271","147.903","144.254","146.770","195","-201"
"2024/08/06","144.091","146.368","143.607","144.415","200","-206"
"2024/08/05","146.412","146.548","141.676","144.179","203","-209"
"2024/08/02","149.300","149.778","146.411","146.576","203","-209"
"2024/08/01","149.872","150.890","148.495","149.366","621","-639"
"2024/07/31","152.762","153.896","149.603","150.033","216","-222"
"2024/07/30","153.913","155.217","152.644","152.690","223","-229"
"2024/07/29","153.651","154.353","153.002","154.035","212","-218"
"2024/07/26","153.875","154.737","153.084","153.762","212","-218"
"2024/07/25","153.865","154.317","151.932","154.032","645","-663"
"2024/07/24","155.522","155.991","153.108","153.945","215","-221"
"2024/07/23","156.942","157.101","155.566","155.629","215","-221"
"2024/07/22","157.345","157.614","156.279","157.071","215","-221"
"2024/07/19","157.332","157.864","156.954","157.514","215","-221"
"2024/07/18","156.129","157.401","155.358","157.366","645","-663"
"2024/07/17","158.286","158.627","156.059","156.272","218","-224"
"2024/07/16","157.934","158.875","157.934","158.389","215","-221"
"2024/07/15","158.101","158.419","157.154","158.120","0","0"
"2024/07/12","158.848","159.451","157.360","157.887","223","-229"
"2024/07/11","161.608","161.760","157.418","158.886","1,024","-1,048"
"2024/07/10","161.260","161.805","161.243","161.701","256","-262"
"2024/07/09","160.751","161.517","160.721","161.283","220","-226"
"2024/07/08","160.723","161.119","160.262","160.823","220","-226"
"2024/07/05","161.225","161.396","160.334","160.803","220","-226"
"2024/07/04","161.588","161.674","160.946","161.274","786","-804"
"2024/07/03","161.389","161.950","160.746","161.713","0","0"
"2024/07/02","161.438","161.749","161.268","161.422","524","-536"
"2024/07/01","160.825","161.730","160.732","161.481","272","-278"
"2024/06/28","160.639","161.277","160.263","160.895","292","-298"
"2024/06/27","160.701","160.822","160.280","160.765","876","-894"
"2024/06/26","159.637","160.873","159.604","160.864","252","-258"
"2024/06/25","159.557","159.757","159.186","159.676","252","-258"
"2024/06/24","159.696","159.928","158.726","159.592","252","-258"
"2024/06/21","158.872","159.823","158.658","159.823","252","-258"
"2024/06/20","157.951","158.941","157.914","158.933","756","-774"
"2024/06/19","157.822","158.119","157.591","158.080","252","-258"
"2024/06/18","157.600","158.228","157.516","157.844","0","0"
"2024/06/17","157.195","157.960","157.146","157.715","504","-516"
"2024/06/14","156.913","158.258","156.802","157.393","252","-258"
"2024/06/13","156.576","157.312","156.546","157.033","630","-648"
"2024/06/12","157.033","157.372","155.711","156.733","252","-258"
"2024/06/11","156.894","157.401","156.797","157.126","210","-216"
"2024/06/10","156.716","157.196","156.712","157.034","210","-216"
"2024/06/07","155.573","157.072","155.100","156.762","210","-216"
"2024/06/06","155.990","156.437","155.352","155.655","630","-648"
"2024/06/05","154.793","156.478","154.769","156.130","210","-216"
"2024/06/04","156.034","156.487","154.536","154.881","210","-216"
"2024/06/03","157.160","157.468","155.940","156.073","210","-216"
"2024/05/31","156.730","157.366","156.558","157.269","210","-216"
"2024/05/30","157.547","157.673","156.371","156.809","801","-819"
"2024/05/29","157.111","157.708","156.893","157.685","214","-220"
"2024/05/28","156.829","157.198","156.580","157.182","214","-220"
"2024/05/27","156.876","156.959","156.665","156.909","214","-220"
"2024/05/24","156.896","157.146","156.821","156.965","0","0"
"2024/05/23","156.722","157.197","156.488","156.946","856","-880"
"2024/05/22","156.118","156.808","156.076","156.807","214","-220"
"2024/05/21","156.140","156.546","155.842","156.196","214","-220"
"2024/05/20","155.621","156.302","155.488","156.269","214","-220"
"2024/05/17","155.324","155.978","155.248","155.710","214","-220"
"2024/05/16","154.792","155.527","153.598","155.396","642","-660"
"2024/05/15","156.391","156.561","154.684","154.886","214","-220"
"2024/05/14","156.175","156.768","156.133","156.445","214","-220"
"2024/05/13","155.664","156.253","155.499","156.207","214","-220"
"2024/05/10","155.462","155.901","155.249","155.802","214","-220"
"2024/05/09","155.417","155.953","155.149","155.471","642","-660"
"2024/05/08","154.536","155.679","154.510","155.611","214","-220"
"2024/05/07","153.823","154.749","153.819","154.686","214","-220"
"2024/05/06","152.735","154.005","152.735","153.889","0","0"
"2024/05/03","153.617","153.737","151.853","152.872","0","0"
"2024/05/02","154.715","156.280","153.061","153.699","214","-220"
"2024/05/01","157.634","157.988","152.974","154.401","1,255","-1,285"
"2024/04/30","156.236","157.848","156.050","157.811","211","-217"
"2024/04/29","157.841","160.218","154.523","156.360","0","0"
"2024/04/26","155.562","158.435","154.931","158.292","275","-281"
"2024/04/25","155.168","155.745","155.168","155.641","1,008","-1,032"
"2024/04/24","154.775","155.377","154.732","155.357","252","-258"
"2024/04/23","154.827","154.875","154.538","154.830","252","-258"
"2024/04/22","154.433","154.846","154.433","154.842","252","-258"
"2024/04/19","154.608","154.672","153.591","154.645","252","-258"
"2024/04/18","154.311","154.678","153.954","154.641","756","-774"
"2024/04/17","154.630","154.732","154.144","154.383","252","-258"
"2024/04/16","154.227","154.773","153.810","154.715","252","-258"
"2024/04/15","153.074","154.446","153.074","154.271","252","-258"
"2024/04/12","153.216","153.385","152.583","153.289","249","-255"
"2024/04/11","152.944","153.321","152.750","153.256","738","-756"
"2024/04/10","151.704","153.239","151.677","153.159","246","-252"
"2024/04/09","151.774","151.933","151.573","151.766","246","-252"
"2024/04/08","151.540","151.937","151.528","151.853","246","-252"
"2024/04/05","151.322","151.751","150.790","151.623","246","-252"
"2024/04/04","151.631","151.770","151.115","151.326","738","-756"
"2024/04/03","151.509","151.952","151.440","151.691","246","-252"
"2024/04/02","151.637","151.798","151.460","151.566","246","-252"
"2024/04/01","151.274","151.774","151.237","151.654","251","-257"
"2024/03/29","151.339","151.500","151.156","151.340","262","-268"
"2024/03/28","151.243","151.546","151.152","151.374","786","-804"
"2024/03/27","151.514","151.973","151.021","151.312","237","-243"
"2024/03/26","151.401","151.605","151.206","151.553","237","-243"
"2024/03/25","151.363","151.544","151.045","151.428","237","-243"
"2024/03/22","151.571","151.864","151.001","151.414","237","-243"
"2024/03/21","151.194","151.754","150.264","151.619","711","-729"
"2024/03/20","150.792","151.817","150.714","151.251","0","0"
"2024/03/19","149.119","150.961","148.935","150.870","237","-243"
"2024/03/18","149.061","149.331","148.902","149.169","474","-486"
"2024/03/15","148.262","149.165","148.027","149.065","237","-243"
"2024/03/14","147.663","148.360","147.429","148.329","627","-645"
"2024/03/13","147.603","148.047","147.233","147.776","212","-218"
"2024/03/12","146.904","148.152","146.621","147.674","212","-218"
"2024/03/11","147.039","147.148","146.480","146.945","212","-218"
"2024/03/08","147.979","148.120","146.476","147.084","212","-218"
"2024/03/07","149.326","149.363","147.575","148.035","636","-654"
"2024/03/06","149.983","150.086","149.090","149.419","250","-256"
"2024/03/05","150.489","150.547","149.699","150.068","250","-256"
"2024/03/04","150.017","150.567","149.841","150.519","250","-256"
"2024/03/01","149.991","150.714","149.937","150.124","250","-256"
"2024/02/29","150.625","150.661","149.200","149.980","795","-813"
"2024/02/28","150.468","150.840","150.364","150.709","265","-271"
"2024/02/27","150.632","150.708","150.049","150.503","242","-248"
"2024/02/26","150.429","150.838","150.287","150.717","242","-248"
"2024/02/23","150.495","150.770","150.293","150.536","0","0"
"2024/02/22","150.248","150.689","150.012","150.542","242","-248"
"2024/02/21","149.914","150.390","149.847","150.293","968","-992"
"2024/02/20","150.151","150.440","149.680","149.999","242","-248"
"2024/02/19","150.098","150.219","149.871","150.142","242","-248"
"2024/02/16","149.914","150.646","149.825","150.179","0","0"
"2024/02/15","150.505","150.568","149.515","149.938","968","-992"
"2024/02/14","150.741","150.777","150.340","150.603","242","-248"
"2024/02/13","149.315","150.884","149.152","150.802","242","-248"
"2024/02/12","149.236","149.479","148.924","149.350","0","0"
"2024/02/09","149.255","149.575","148.999","149.269","237","-243"
"2024/02/08","148.094","149.479","147.929","149.332","948","-972"
"2024/02/07","147.899","148.259","147.630","148.188","237","-243"
"2024/02/06","148.618","148.788","147.775","147.938","237","-243"
"2024/02/05","148.381","148.894","148.269","148.691","237","-243"
"2024/02/02","146.384","148.584","146.243","148.390","208","-214"
"2024/02/01","146.899","147.117","145.895","146.425","624","-642"
"2024/01/31","147.533","147.901","146.005","146.958","237","-243"
"2024/01/30","147.430","147.925","147.089","147.608","246","-252"
"2024/01/29","148.101","148.337","147.250","147.506","235","-241"
"2024/01/26","147.574","148.202","147.399","148.131","235","-241"
"2024/01/25","147.438","147.946","147.081","147.669","621","-639"
"2024/01/24","148.323","148.379","146.644","147.512","236","-242"
"2024/01/23","148.044","148.697","146.976","148.378","236","-242"
"2024/01/22","148.214","148.304","147.605","148.140","236","-242"
"2024/01/19","148.123","148.808","147.839","148.153","230","-236"
"2024/01/18","148.077","148.303","147.657","148.125","690","-708"
"2024/01/17","147.155","148.527","147.040","148.188","230","-236"
"2024/01/16","145.681","147.311","145.577","147.184","230","-236"
"2024/01/15","144.873","145.943","144.819","145.786","230","-236"
"2024/01/12","145.297","145.554","144.347","144.899","0","0"
"2024/01/11","145.626","146.417","144.939","145.294","920","-944"
"2024/01/10","144.458","145.830","144.319","145.763","230","-236"
"2024/01/09","144.193","144.624","143.391","144.483","210","-216"
"2024/01/08","144.465","144.920","143.660","144.216","0","0"
"2024/01/05","144.528","145.977","143.802","144.623","234","-240"
"2024/01/04","143.209","144.852","142.847","144.615","936","-960"
"2024/01/03","141.909","143.733","141.848","143.297","0","0"
"2024/01/02","140.799","142.230","140.788","141.998","0","0"
"2023/12/29","141.352","141.914","140.795","141.025","190","-196"
"2023/12/28","141.648","141.669","140.244","141.411","1,080","-1,116"
"2023/12/27","142.332","142.848","141.550","141.816","180","-186"
"2023/12/26","142.246","142.629","142.099","142.362","200","-206"
"2023/12/25","142.351","142.501","142.095","142.341","205","-211"
"2023/12/22","142.189","142.664","141.864","142.472","0","0"
"2023/12/21","143.575","143.575","142.036","142.106","820","-844"
"2023/12/20","143.751","144.096","143.252","143.576","205","-211"
"2023/12/19","142.744","144.957","142.247","143.843","232","-238"
"2023/12/18","142.046","143.154","142.035","142.813","200","-206"
"2023/12/15","141.829","142.468","141.427","142.173","200","-206"
"2023/12/14","142.763","142.911","140.912","141.908","633","-651"
"2023/12/13","145.478","145.994","142.637","142.932","211","-217"
"2023/12/12","146.097","146.176","144.718","145.478","238","-244"
"2023/12/11","144.855","146.582","144.812","146.186","210","-216"
"2023/12/08","144.103","145.217","142.495","144.990","210","-216"
"2023/12/07","147.151","147.299","141.579","144.144","630","-648"
"2023/12/06","147.067","147.496","146.895","147.327","210","-216"
"2023/12/05","147.124","147.385","146.544","147.164","210","-216"
"2023/12/04","146.632","147.453","146.200","147.218","210","-216"
"2023/12/01","148.154","148.334","146.662","146.838","210","-216"
"2023/11/30","147.122","148.515","146.827","148.191","630","-648"
"2023/11/29","147.438","147.903","146.663","147.220","210","-216"
"2023/11/28","148.584","148.837","147.325","147.460","210","-216"
"2023/11/27","149.410","149.670","148.547","148.667","210","-216"
"2023/11/24","149.536","149.710","149.191","149.417","210","-216"
"2023/11/23","149.487","149.692","148.890","149.561","0","0"
"2023/11/22","148.305","149.749","147.998","149.535","630","-648"
"2023/11/21","148.286","148.596","147.146","148.394","440","-452"
"2023/11/20","149.677","149.989","148.087","148.408","220","-226"
"2023/11/17","150.611","150.775","149.169","149.640","220","-226"
"2023/11/16","151.256","151.430","150.281","150.731","753","-771"
"2023/11/15","150.257","151.422","150.034","151.369","251","-257"
"2023/11/14","151.646","151.775","150.157","150.395","251","-257"
"2023/11/13","151.437","151.908","151.201","151.725","251","-257"
"2023/11/10","151.297","151.600","151.221","151.514","244","-250"
"2023/11/09","150.899","151.386","150.763","151.350","732","-750"
"2023/11/08","150.299","151.059","150.281","150.984","238","-244"
"2023/11/07","150.058","150.692","149.930","150.416","238","-244"
"2023/11/06","149.270","150.062","149.266","150.057","221","-227"
"2023/11/03","150.413","150.516","149.183","149.396","0","0"
"2023/11/02","150.885","150.937","149.838","150.484","243","-249"
"2023/11/01","151.597","151.650","150.663","150.941","972","-996"
"2023/10/31","149.069","151.710","148.976","151.706","225","-231"
"2023/10/30","149.563","149.854","148.797","149.067","274","-280"
"2023/10/27","150.382","150.409","149.458","149.644","244","-250"
"2023/10/26","150.137","150.784","149.869","150.398","732","-750"
"2023/10/25","149.813","150.314","149.796","150.274","244","-250"
"2023/10/24","149.632","149.921","149.323","149.891","244","-250"
"2023/10/23","149.774","149.989","149.553","149.718","244","-250"
"2023/10/20","149.739","149.987","149.633","149.863","244","-250"
"2023/10/19","149.852","149.958","149.658","149.805","732","-750"
"2023/10/18","149.797","149.941","149.480","149.938","244","-250"
"2023/10/17","149.517","149.852","148.740","149.807","244","-250"
"2023/10/16","149.384","149.762","149.375","149.541","244","-250"
"2023/10/13","149.775","149.827","149.455","149.584","244","-250"
"2023/10/12","149.092","149.829","148.957","149.796","732","-750"
"2023/10/11","148.655","149.323","148.425","149.192","244","-250"
"2023/10/10","148.498","149.098","148.146","148.717","216","-222"
"2023/10/09","149.082","149.232","148.434","148.522","0","0"
"2023/10/06","148.425","149.527","148.345","149.284","216","-222"
"2023/10/05","149.019","149.114","148.203","148.515","1,016","-1,040"
"2023/10/04","148.957","149.320","148.728","149.130","269","-275"
"2023/10/03","149.732","150.157","147.287","149.065","269","-275"
"2023/10/02","149.432","149.878","149.367","149.863","269","-275"
"2023/09/29","149.269","149.497","148.492","149.359","269","-275"
"2023/09/28","149.534","149.567","149.147","149.286","867","-885"
"2023/09/27","149.012","149.708","148.864","149.640","252","-258"
"2023/09/26","148.814","149.188","148.696","149.088","252","-258"
"2023/09/25","148.275","148.961","148.237","148.891","252","-258"
"2023/09/22","147.535","148.415","147.496","148.371","252","-258"
"2023/09/21","148.205","148.456","147.321","147.567","756","-774"
"2023/09/20","147.802","148.352","147.473","148.343","244","-250"
"2023/09/19","147.577","147.920","147.488","147.868","244","-250"
"2023/09/18","147.802","147.877","147.553","147.621","0","0"
"2023/09/15","147.453","147.951","147.336","147.836","236","-242"
"2023/09/14","147.398","147.565","147.009","147.448","944","-968"
"2023/09/13","147.044","147.736","147.019","147.476","236","-242"
"2023/09/12","146.529","147.232","146.437","147.045","236","-242"
"2023/09/11","146.825","147.284","145.892","146.597","236","-242"
"2023/09/08","147.284","147.871","146.579","147.804","236","-242"
"2023/09/07","147.624","147.875","147.036","147.292","708","-726"
"2023/09/06","147.686","147.818","147.018","147.673","236","-242"
"2023/09/05","146.408","147.802","146.377","147.719","236","-242"
"2023/09/04","146.145","146.503","146.017","146.486","236","-242"
"2023/09/01","145.505","146.294","144.436","146.266","0","0"
"2023/08/31","146.179","146.227","145.340","145.542","868","-892"
"2023/08/30","145.887","146.537","145.549","146.248","247","-253"
"2023/08/29","146.524","147.369","145.670","145.881","232","-238"
"2023/08/28","146.386","146.744","146.274","146.528","232","-238"
"2023/08/25","145.824","146.633","145.715","146.444","232","-238"
"2023/08/24","144.760","145.959","144.598","145.846","636","-654"
"2023/08/23","145.824","145.880","144.534","144.858","233","-239"
"2023/08/22","146.157","146.401","145.496","145.883","233","-239"
"2023/08/21","145.389","146.402","145.142","146.242","233","-239"
"2023/08/18","145.810","145.864","144.929","145.385","233","-239"
"2023/08/17","146.251","146.554","145.612","145.857","699","-717"
"2023/08/16","145.520","146.408","145.282","146.349","233","-239"
"2023/08/15","145.539","145.876","145.100","145.600","233","-239"
"2023/08/14","144.931","145.578","144.652","145.545","233","-239"
"2023/08/11","144.695","145.001","144.388","144.949","0","0"
"2023/08/10","143.657","144.819","143.283","144.766","233","-239"
"2023/08/09","143.292","143.750","142.992","143.722","932","-956"
"2023/08/08","142.456","143.496","142.402","143.378","233","-239"
"2023/08/07","141.707","142.584","141.511","142.488","204","-210"
"2023/08/04","142.528","142.922","141.544","141.771","204","-210"
"2023/08/03","143.294","143.893","142.057","142.529","687","-705"
"2023/08/02","143.254","143.467","142.225","143.357","229","-235"
"2023/08/01","142.258","143.547","142.203","143.339","229","-235"
"2023/07/31","141.000","142.680","140.687","142.282","229","-235"
"2023/07/28","139.371","141.182","138.056","141.170","195","-201"
"2023/07/27","140.197","141.315","138.759","139.549","585","-603"
"2023/07/26","140.979","141.185","139.917","140.239","195","-201"
"2023/07/25","141.425","141.725","140.851","140.939","195","-201"
"2023/07/24","141.699","141.813","140.735","141.501","214","-220"
"2023/07/21","140.068","141.954","139.743","141.839","190","-196"
"2023/07/20","139.603","140.499","139.105","140.081","570","-588"
"2023/07/19","138.816","139.994","138.761","139.713","190","-196"
"2023/07/18","138.667","139.137","137.680","138.848","190","-196"
"2023/07/17","138.703","139.407","137.999","138.712","0","0"
"2023/07/14","137.961","139.155","137.240","138.795","190","-196"
"2023/07/13","138.443","138.955","137.913","138.066","760","-784"
"2023/07/12","140.360","140.371","138.149","138.539","196","-202"
"2023/07/11","141.328","141.462","140.152","140.369","196","-202"
"2023/07/10","142.122","143.005","141.271","141.314","196","-202"
"2023/07/07","144.015","144.193","142.071","142.104","196","-202"
"2023/07/06","144.555","144.653","143.557","144.067","702","-720"
"2023/07/05","144.419","144.735","144.081","144.669","234","-240"
"2023/07/04","144.650","144.695","144.197","144.459","234","-240"
"2023/07/03","144.284","144.911","143.979","144.690","0","0"
"2023/06/30","144.736","145.069","144.194","144.305","468","-480"
"2023/06/29","144.421","144.897","144.135","144.796","702","-720"
"2023/06/28","144.019","144.615","143.724","144.511","219","-225"
"2023/06/27","143.494","144.174","143.276","144.082","219","-225"
"2023/06/26","143.542","143.716","142.930","143.519","219","-225"
"2023/06/23","143.054","143.870","142.651","143.726","219","-225"
"2023/06/22","141.807","143.225","141.612","143.133","657","-675"
"2023/06/21","141.413","142.361","141.284","141.876","197","-203"
"2023/06/20","141.897","142.254","141.212","141.452","214","-220"
"2023/06/19","141.781","142.003","141.443","141.994","214","-220"
"2023/06/16","140.260","141.914","139.851","141.891","0","0"
"2023/06/15","140.005","141.504","139.936","140.287","772","-796"
"2023/06/14","140.192","140.277","139.283","140.119","214","-220"
"2023/06/13","139.581","140.308","138.996","140.232","214","-220"
"2023/06/12","139.389","139.760","139.063","139.606","214","-220"
"2023/06/09","138.877","139.724","138.760","139.380","194","-200"
"2023/06/08","140.094","140.220","138.807","138.928","657","-675"
"2023/06/07","139.609","140.248","138.996","140.185","219","-225"
"2023/06/06","139.502","139.994","139.089","139.666","219","-225"
"2023/06/05","139.953","140.453","139.244","139.576","219","-225"
"2023/06/02","138.791","140.070","138.606","139.960","219","-225"
"2023/06/01","139.322","139.948","138.423","138.812","594","-612"
"2023/05/31","139.765","140.399","139.229","139.311","219","-225"
"2023/05/30","140.395","140.934","139.558","139.783","219","-225"
"2023/05/29","140.611","140.916","140.113","140.448","211","-217"
"2023/05/26","140.027","140.724","139.497","140.600","0","0"
"2023/05/25","139.350","140.230","138.780","140.052","832","-856"
"2023/05/24","138.564","139.475","138.228","139.458","208","-214"
"2023/05/23","138.593","138.910","138.243","138.588","208","-214"
"2023/05/22","137.927","138.690","137.494","138.591","208","-214"
"2023/05/19","138.705","138.716","137.414","137.970","204","-210"
"2023/05/18","137.605","138.746","137.279","138.711","612","-630"
"2023/05/17","136.373","137.711","136.288","137.616","204","-210"
"2023/05/16","136.097","136.684","135.633","136.403","204","-210"
"2023/05/15","135.705","136.327","135.691","136.111","204","-210"
"2023/05/12","134.457","135.751","134.400","135.728","190","-196"
"2023/05/11","134.297","134.842","133.744","134.565","570","-588"
"2023/05/10","135.179","135.470","134.109","134.383","204","-210"
"2023/05/09","135.043","135.358","134.723","135.233","190","-196"
"2023/05/08","134.857","135.295","134.641","135.110","194","-200"
"2023/05/05","134.191","135.122","133.884","134.839","0","0"
"2023/05/04","134.715","134.879","133.494","134.267","0","0"
"2023/05/03","136.538","136.610","134.813","134.831","0","0"
"2023/05/02","137.440","137.775","136.311","136.582","206","-212"
"2023/05/01","136.165","137.538","136.156","137.466","1,236","-1,272"
"2023/04/28","133.928","136.562","133.330","136.285","189","-195"
"2023/04/27","133.638","134.193","133.203","133.982","525","-543"
"2023/04/26","133.809","133.935","133.011","133.680","175","-181"
"2023/04/25","134.158","134.475","133.364","133.715","197","-203"
"2023/04/24","134.019","134.731","133.887","134.264","197","-203"
"2023/04/21","134.217","134.492","133.544","134.134","197","-203"
"2023/04/20","134.691","134.972","134.014","134.239","591","-609"
"2023/04/19","134.074","135.127","133.946","134.691","197","-203"
"2023/04/18","134.425","134.702","133.845","134.095","197","-203"
"2023/04/17","133.807","134.568","133.706","134.483","197","-203"
"2023/04/14","132.543","133.837","132.148","133.749","178","-184"
"2023/04/13","133.071","133.390","132.009","132.577","534","-552"
"2023/04/12","133.643","134.045","132.713","133.145","194","-200"
"2023/04/11","133.532","133.804","132.973","133.704","194","-200"
"2023/04/10","132.140","133.872","131.835","133.608","174","-180"
"2023/04/07","131.701","132.380","131.456","132.191","174","-180"
"2023/04/06","131.260","131.905","130.769","131.796","522","-540"
"2023/04/05","131.701","131.844","130.495","131.343","174","-180"
"2023/04/04","132.389","133.180","131.522","131.715","174","-180"
"2023/04/03","133.235","133.756","132.203","132.410","178","-184"
"2023/03/31","132.661","133.594","132.561","132.819","178","-184"
"2023/03/30","132.721","132.967","132.198","132.703","732","-750"
"2023/03/29","130.854","132.890","130.745","132.840","177","-183"
"2023/03/28","131.531","131.563","130.398","130.926","177","-183"
"2023/03/27","130.591","131.759","130.498","131.568","177","-183"
"2023/03/24","130.781","130.941","129.643","130.731","177","-183"
"2023/03/23","131.370","131.673","130.321","130.895","510","-528"
"2023/03/22","132.421","133.002","130.998","131.464","170","-176"
"2023/03/21","131.185","132.628","131.035","132.479","0","0"
"2023/03/20","131.827","132.650","130.537","131.339","170","-176"
"2023/03/17","133.726","133.738","131.557","131.822","340","-352"
"2023/03/16","133.395","133.826","131.714","133.752","516","-534"
"2023/03/15","134.284","135.113","132.215","133.444","172","-178"
"2023/03/14","133.239","134.900","133.022","134.241","172","-178"
"2023/03/13","133.855","135.041","132.285","133.220","172","-178"
"2023/03/10","136.135","136.989","134.107","135.071","172","-178"
"2023/03/09","137.317","137.373","135.935","136.121","516","-534"
"2023/03/08","137.069","137.909","136.469","137.383","180","-186"
"2023/03/07","135.890","137.194","135.535","137.165","172","-178"
"2023/03/06","135.933","136.192","135.360","135.939","176","-182"
"2023/03/03","136.728","136.770","135.740","135.829","184","-190"
"2023/03/02","136.154","137.099","136.015","136.760","528","-546"
"2023/03/01","136.090","136.466","135.240","136.225","178","-184"
"2023/02/28","136.198","136.920","135.738","136.228","204","-210"
"2023/02/27","136.432","136.552","135.918","136.236","204","-210"
"2023/02/24","134.678","136.519","134.050","136.487","180","-186"
"2023/02/23","134.785","135.367","134.486","134.701","0","0"
"2023/02/22","134.950","135.056","134.358","134.912","534","-552"
"2023/02/21","134.214","135.225","134.135","135.021","342","-354"
"2023/02/20","134.219","134.536","133.895","134.289","176","-182"
"2023/02/17","133.969","135.112","133.895","134.156","0","0"
"2023/02/16","134.113","134.463","133.590","133.945","704","-728"
"2023/02/15","133.105","134.360","132.534","134.154","176","-182"
"2023/02/14","132.391","133.314","131.481","133.087","176","-182"
"2023/02/13","131.262","132.909","131.213","132.405","170","-176"
"2023/02/10","131.509","131.880","129.797","131.383","170","-176"
"2023/02/09","131.409","131.827","130.336","131.527","510","-528"
"2023/02/08","131.073","131.538","130.588","131.451","170","-176"
"2023/02/07","132.637","132.711","130.467","131.111","173","-179"
"2023/02/06","132.466","132.903","131.509","132.656","173","-179"
"2023/02/03","128.640","131.204","128.330","131.186","165","-171"
"2023/02/02","128.890","129.130","128.077","128.723","495","-513"
"2023/02/01","130.027","130.411","128.529","128.934","170","-176"
"2023/01/31","130.412","130.531","129.744","130.091","174","-180"
"2023/01/30","129.705","130.569","129.196","130.436","160","-166"
"2023/01/27","130.225","130.270","129.487","129.839","160","-166"
"2023/01/26","129.583","130.612","129.014","130.233","480","-498"
"2023/01/25","130.154","130.587","129.265","129.574","160","-166"
"2023/01/24","130.610","131.111","129.722","130.176","162","-168"
"2023/01/23","129.468","130.888","129.042","130.682","162","-168"
"2023/01/20","128.398","130.614","128.339","129.596","158","-164"
"2023/01/19","128.809","128.879","127.748","128.437","474","-492"
"2023/01/18","128.081","131.578","127.566","128.888","158","-164"
"2023/01/17","128.469","129.152","127.988","128.170","158","-164"
"2023/01/16","127.768","128.857","127.211","128.510","158","-164"
"2023/01/13","129.201","129.417","127.451","127.864","0","0"
"2023/01/12","132.401","132.493","128.858","129.343","640","-664"
"2023/01/11","132.108","132.873","132.066","132.506","160","-166"
"2023/01/10","131.760","132.479","131.387","132.231","160","-166"
"2023/01/09","131.887","132.657","131.306","131.877","0","0"
"2023/01/06","133.375","134.770","131.997","132.147","162","-168"
"2023/01/05","132.533","134.046","131.677","133.442","648","-672"
"2023/01/04","131.016","132.716","129.926","132.676","162","-168"
"2023/01/03","130.642","131.415","129.495","131.017","0","0"
"2023/01/02","130.793","131.100","130.463","130.640","0","0"
"2022/12/30","132.971","133.098","130.771","131.117","162","-168"
"2022/12/29","134.358","134.406","132.873","133.026","810","-840"
"2022/12/28","133.379","134.499","133.307","134.459","162","-168"
"2022/12/27","132.782","133.596","132.631","133.491","162","-168"
"2022/12/26","132.756","132.878","132.313","132.575","162","-168"
"2022/12/23","132.353","133.141","132.143","132.804","0","0"
"2022/12/22","132.434","132.719","131.642","132.348","648","-672"
"2022/12/21","131.700","132.524","131.492","132.405","162","-168"
"2022/12/20","136.787","137.475","130.568","131.707","162","-168"
"2022/12/19","135.824","137.162","135.666","136.919","146","-152"
"2022/12/16","137.779","137.795","136.294","136.723","146","-152"
"2022/12/15","135.428","138.173","135.240","137.795","438","-456"
"2022/12/14","135.556","135.996","134.488","135.481","144","-150"
"2022/12/13","137.634","137.971","134.640","135.580","144","-150"
"2022/12/12","136.493","137.851","136.404","137.625","144","-150"
"2022/12/09","136.616","136.907","135.598","136.581","144","-150"
"2022/12/08","136.533","137.246","136.236","136.683","432","-450"
"2022/12/07","136.944","137.858","136.219","136.601","144","-150"
"2022/12/06","136.663","137.431","135.961","137.044","144","-150"
"2022/12/05","134.514","136.860","134.125","136.785","146","-152"
"2022/12/02","135.298","135.991","133.616","134.320","146","-152"
"2022/12/01","137.941","138.102","135.207","135.347","438","-456"
"2022/11/30","138.616","139.897","137.652","138.101","148","-154"
"2022/11/29","138.916","139.353","137.864","138.684","148","-154"
"2022/11/28","139.195","139.422","137.489","138.907","148","-154"
"2022/11/25","138.512","139.598","138.370","139.182","148","-154"
"2022/11/24","139.560","139.598","138.043","138.627","444","-462"
"2022/11/23","141.173","141.611","139.158","139.613","0","0"
"2022/11/22","142.069","142.233","141.078","141.218","0","0"
"2022/11/21","140.192","142.252","140.122","142.110","444","-462"
"2022/11/18","140.184","140.501","139.631","140.384","148","-154"
"2022/11/17","139.451","140.741","138.869","140.193","444","-462"
"2022/11/16","139.308","140.291","138.724","139.574","148","-154"
"2022/11/15","139.865","140.624","137.668","139.345","148","-154"
"2022/11/14","139.178","140.798","138.776","139.906","148","-154"
"2022/11/11","140.907","142.484","138.458","138.783","142","-148"
"2022/11/10","146.378","146.598","140.196","140.980","0","0"
"2022/11/09","145.594","146.797","145.165","146.404","560","-584"
"2022/11/08","146.570","146.940","145.299","145.691","138","-144"
"2022/11/07","147.192","147.571","146.075","146.650","138","-144"
"2022/11/04","148.217","148.402","146.549","146.662","121","-127"
"2022/11/03","147.809","148.451","147.107","148.271","0","0"
"2022/11/02","148.224","148.358","145.663","147.927","363","-381"
"2022/11/01","148.680","148.824","146.980","148.246","242","-254"
"2022/10/31","147.719","148.850","147.520","148.745","121","-127"
"2022/10/28","146.250","147.866","145.971","147.480","121","-127"
"2022/10/27","146.324","146.937","145.098","146.260","363","-381"
"2022/10/26","147.915","148.412","146.220","146.374","121","-127"
"2022/10/25","148.949","149.093","147.504","147.938","125","-131"
"2022/10/24","148.082","149.709","145.411","149.024","137","-143"
"2022/10/21","150.045","151.945","146.169","147.695","137","-143"
"2022/10/20","149.831","150.286","149.546","150.149","411","-429"
"2022/10/19","149.237","149.909","149.081","149.897","137","-143"
"2022/10/18","148.987","149.369","148.129","149.244","137","-143"
"2022/10/17","148.453","149.090","148.428","149.030","134","-140"
"2022/10/14","147.131","148.862","147.081","148.755","134","-140"
"2022/10/13","146.837","147.666","146.423","147.223","402","-420"
"2022/10/12","145.755","146.969","145.712","146.918","125","-131"
"2022/10/11","145.726","145.899","145.416","145.846","125","-131"
"2022/10/10","145.306","145.805","145.235","145.723","0","0"
"2022/10/07","145.122","145.443","144.615","145.393","125","-131"
"2022/10/06","144.594","145.139","144.381","145.133","500","-524"
"2022/10/05","144.088","144.847","143.527","144.671","130","-136"
"2022/10/04","144.486","144.935","143.894","144.164","130","-136"
"2022/10/03","144.663","145.298","144.154","144.568","123","-129"
"2022/09/30","144.411","144.806","144.206","144.801","123","-129"
"2022/09/29","144.049","144.812","144.025","144.455","369","-387"
"2022/09/28","144.786","144.870","143.903","144.130","123","-129"
"2022/09/27","144.630","144.903","144.057","144.845","100","-106"
"2022/09/26","143.460","144.788","143.228","144.721","100","-106"
"2022/09/23","142.316","143.460","141.745","143.339","0","0"
"2022/09/22","143.983","145.903","140.341","142.393","93","-99"
"2022/09/21","143.676","144.695","143.341","144.047","372","-396"
"2022/09/20","143.168","143.925","142.925","143.746","93","-99"
"2022/09/19","142.909","143.645","142.637","143.206","0","0"
"2022/09/16","143.461","143.694","142.822","142.962","93","-99"
"2022/09/15","143.105","143.802","142.787","143.482","372","-396"
"2022/09/14","144.546","144.949","142.552","143.172","93","-99"
"2022/09/13","142.808","144.686","141.599","144.541","95","-101"
"2022/09/12","142.360","143.500","142.153","142.832","95","-101"
"2022/09/09","144.095","144.122","141.491","142.637","97","-103"
"2022/09/08","143.726","144.557","143.288","144.084","291","-309"
"2022/09/07","142.751","144.989","142.633","143.765","97","-103"
"2022/09/06","140.543","143.076","140.241","142.798","97","-103"
"2022/09/05","140.153","140.662","140.114","140.580","97","-103"
"2022/09/02","140.183","140.801","139.862","140.228","0","0"
"2022/09/01","138.905","140.228","138.890","140.208","388","-412"
"2022/08/31","138.773","139.002","138.273","138.959","97","-103"
"2022/08/30","138.673","139.070","138.050","138.806","97","-103"
"2022/08/29","137.584","139.000","137.576","138.726","90","-96"
"2022/08/26","136.491","137.527","136.189","137.515","88","-94"
"2022/08/25","137.044","137.203","136.304","136.500","264","-282"
"2022/08/24","136.743","137.246","136.172","137.112","92","-98"
"2022/08/23","137.442","137.702","135.800","136.745","92","-98"
"2022/08/22","136.812","137.658","136.692","137.523","92","-98"
"2022/08/19","135.870","137.231","135.696","136.880","82","-88"
"2022/08/18","135.055","135.903","134.647","135.883","246","-264"
"2022/08/17","134.195","135.499","133.894","135.085","80","-86"
"2022/08/16","133.310","134.686","132.928","134.242","80","-86"
"2022/08/15","133.448","133.593","132.547","133.302","80","-86"
"2022/08/12","132.966","133.890","132.873","133.494","80","-86"
"2022/08/11","132.904","133.316","131.723","132.986","0","0"
"2022/08/10","135.073","135.304","132.021","132.884","240","-258"
"2022/08/09","134.957","135.201","134.650","135.158","160","-172"
"2022/08/08","135.107","135.576","134.343","135.005","80","-86"
"2022/08/05","132.934","135.497","132.513","134.991","80","-86"
"2022/08/04","133.837","134.425","132.764","132.965","240","-258"
"2022/08/03","133.162","134.552","132.279","133.879","80","-86"
"2022/08/02","131.655","133.163","130.386","133.120","80","-86"
"2022/08/01","133.212","133.565","131.582","131.617","66","-72"
"2022/07/29","134.232","134.676","132.489","133.231","66","-72"
"2022/07/28","136.542","136.597","134.191","134.224","189","-207"
"2022/07/27","136.907","137.459","136.311","136.621","63","-69"
"2022/07/26","136.642","136.964","136.277","136.961","63","-69"
"2022/07/25","136.144","136.790","135.883","136.655","63","-69"
"2022/07/22","137.356","137.955","135.555","136.078","63","-69"
"2022/07/21","138.229","138.878","137.322","137.332","189","-207"
"2022/07/20","138.163","138.375","137.903","138.277","63","-69"
"2022/07/19","138.095","138.392","137.381","138.180","63","-69"
"2022/07/18","138.526","138.586","137.883","138.131","0","0"
"2022/07/15","138.925","139.129","138.386","138.546","66","-72"
"2022/07/14","137.362","139.394","137.321","138.925","256","-280"
"2022/07/13","136.810","137.868","136.678","137.435","64","-70"
"2022/07/12","137.410","137.530","136.475","136.848","64","-70"
"2022/07/11","136.098","137.753","136.084","137.410","62","-68"
"2022/07/08","135.980","136.568","135.324","136.112","62","-68"
"2022/07/07","135.897","136.221","135.548","135.997","186","-204"
"2022/07/06","135.824","136.004","134.935","135.923","65","-71"
"2022/07/05","135.636","136.361","135.524","135.873","65","-71"
"2022/07/04","135.232","135.774","134.784","135.697","65","-71"
"2022/07/01","135.686","135.986","134.731","135.264","0","0"
"2022/06/30","136.532","136.811","135.549","135.751","260","-284"
"2022/06/29","136.079","137.000","135.764","136.600","119","-125"
"2022/06/28","135.419","136.382","135.098","136.165","65","-71"
"2022/06/27","135.146","135.551","134.492","135.478","65","-71"
"2022/06/24","134.922","135.399","134.337","135.199","65","-71"
"2022/06/23","136.201","136.226","134.264","134.975","195","-213"
"2022/06/22","136.614","136.712","135.664","136.210","65","-71"
"2022/06/21","135.002","136.705","134.921","136.671","65","-71"
"2022/06/20","134.954","135.443","134.529","135.095","65","-71"
"2022/06/17","132.158","135.425","132.136","134.943","0","0"
"2022/06/16","133.712","134.678","131.492","132.183","160","-184"
"2022/06/15","135.439","135.585","133.499","133.852","35","-41"
"2022/06/14","134.418","135.457","133.873","135.441","35","-41"
"2022/06/13","134.396","135.192","133.593","134.446","35","-41"
"2022/06/10","134.314","134.482","133.358","134.361","37","-43"
"2022/06/09","134.159","134.559","133.174","134.369","111","-129"
"2022/06/08","132.571","134.476","132.564","134.253","37","-43"
"2022/06/07","131.855","133.000","131.844","132.640","36","-42"
"2022/06/06","130.874","132.009","130.428","131.898","36","-42"
"2022/06/03","129.838","130.981","129.674","130.805","36","-42"
"2022/06/02","130.132","130.233","129.512","129.853","93","-111"
"2022/06/01","128.663","130.189","128.647","130.154","31","-37"
"2022/05/31","127.506","128.891","127.499","128.705","31","-37"
"2022/05/30","127.105","127.827","126.860","127.606","31","-37"
"2022/05/27","127.076","127.248","126.675","127.124","0","0"
"2022/05/26","127.249","127.576","126.541","127.069","124","-148"
"2022/05/25","126.803","127.495","126.646","127.277","31","-37"
"2022/05/24","127.850","128.079","126.350","126.860","31","-37"
"2022/05/23","127.849","128.058","127.145","127.897","31","-37"
"2022/05/20","127.785","128.299","127.530","127.927","31","-37"
"2022/05/19","128.186","128.944","127.027","127.826","93","-111"
"2022/05/18","129.349","129.536","127.999","128.252","31","-37"
"2022/05/17","129.106","129.780","128.830","129.362","31","-37"
"2022/05/16","129.354","129.638","128.694","129.106","29","-35"
"2022/05/13","128.338","129.455","128.317","129.259","29","-35"
"2022/05/12","129.956","130.054","127.508","128.306","87","-105"
"2022/05/11","130.405","130.812","129.444","130.001","29","-35"
"2022/05/10","130.350","130.570","129.799","130.453","29","-35"
"2022/05/09","130.537","131.346","130.113","130.328","25","-31"
"2022/05/06","130.176","130.805","130.087","130.555","20","-26"
"2022/05/05","129.073","130.552","128.729","130.170","0","0"
"2022/05/04","130.085","130.374","128.625","129.127","0","0"
"2022/05/03","130.114","130.290","129.698","130.138","0","0"
"2022/05/02","129.851","130.480","129.605","130.157","60","-78"
"2022/04/29","130.823","130.954","129.308","129.867","0","0"
"2022/04/28","128.418","131.253","128.341","130.863","60","-84"
"2022/04/27","127.244","128.589","126.926","128.418","60","-84"
"2022/04/26","128.154","128.222","127.023","127.241","15","-21"
"2022/04/25","128.459","128.864","127.514","128.130","15","-21"
"2022/04/22","128.344","129.110","127.728","128.547","15","-21"
"2022/04/21","127.896","128.706","127.804","128.355","45","-63"
"2022/04/20","128.900","129.399","127.449","127.841","29","-35"
"2022/04/19","126.977","128.971","126.968","128.893","36","-42"
"2022/04/18","126.422","126.993","126.231","126.990","36","-42"
"2022/04/15","125.869","126.681","125.833","126.350","18","-24"
"2022/04/14","125.602","126.007","125.083","125.887","69","-87"
"2022/04/13","125.319","126.319","125.313","125.665","23","-29"
"2022/04/12","125.346","125.757","124.753","125.400","23","-29"
"2022/04/11","124.226","125.769","124.186","125.390","18","-24"
"2022/04/08","123.926","124.674","123.669","124.274","15","-21"
"2022/04/07","123.754","124.002","123.470","123.969","45","-63"
"2022/04/06","123.529","124.052","123.448","123.786","15","-21"
"2022/04/05","122.783","123.667","122.367","123.601","15","-21"
"2022/04/04","122.540","122.957","122.257","122.758","15","-21"
"2022/04/01","121.642","123.037","121.637","122.559","14","-20"
"2022/03/31","121.826","122.450","121.278","121.707","42","-72"
"2022/03/30","122.861","123.206","121.309","121.823","14","-24"
"2022/03/29","123.654","124.305","121.972","122.886","40","-50"
"2022/03/28","122.031","125.092","122.014","123.919","20","-26"
"2022/03/25","122.320","122.435","121.172","122.092","20","-26"
"2022/03/24","121.139","122.411","120.953","122.352","60","-78"
"2022/03/23","120.764","121.415","120.594","121.141","20","-26"
"2022/03/22","119.459","121.030","119.432","120.816","20","-26"
"2022/03/21","119.121","119.498","119.088","119.482","0","0"
"2022/03/18","118.580","119.400","118.469","119.152","20","-26"
"2022/03/17","118.699","119.026","118.363","118.607","80","-104"
"2022/03/16","118.274","119.123","118.175","118.761","10","-16"
"2022/03/15","118.108","118.450","117.699","118.287","10","-16"
"2022/03/14","117.323","118.217","117.304","118.195","10","-16"
"2022/03/11","116.110","117.356","116.098","117.293","10","-16"
"2022/03/10","115.822","116.196","115.801","116.135","30","-48"
"2022/03/09","115.647","115.941","115.555","115.859","6","-12"
"2022/03/08","115.267","115.788","115.236","115.661","4","-10"
"2022/03/07","114.904","115.472","114.799","115.313","12","-18"
"2022/03/04","115.459","115.555","114.645","114.850","12","-18"
"2022/03/03","115.519","115.806","115.384","115.455","21","-33"
"2022/03/02","114.870","115.685","114.793","115.511","1","-7"
"2022/03/01","114.965","115.288","114.699","114.893","25","-40"
"2022/02/28","115.222","115.754","114.857","114.963","10","-16"
"2022/02/25","115.524","115.760","115.149","115.533","10","-16"
"2022/02/24","114.972","115.695","114.407","115.529","24","-42"
"2022/02/23","115.035","115.199","114.923","115.026","0","0"
"2022/02/22","114.728","115.241","114.499","115.074","7","-13"
"2022/02/21","115.006","115.123","114.722","114.755","8","-20"
"2022/02/18","114.882","115.299","114.788","115.040","0","0"
"2022/02/17","115.442","115.534","114.841","114.934","40","-64"
"2022/02/16","115.576","115.788","115.346","115.446","10","-16"
"2022/02/15","115.498","115.873","115.258","115.611","10","-16"
"2022/02/14","115.330","115.747","115.009","115.544","10","-16"
"2022/02/11","115.982","116.174","115.008","115.441","0","0"
"2022/02/10","115.511","116.337","115.482","116.000","5","-11"
"2022/02/09","115.528","115.674","115.323","115.544","20","-44"
"2022/02/08","115.072","115.625","115.051","115.549","5","-11"
"2022/02/07","115.230","115.378","114.914","115.093","4","-10"
"2022/02/04","114.937","115.428","114.774","115.191","4","-10"
"2022/02/03","114.387","114.985","114.327","114.985","18","-36"
"2022/02/02","114.653","114.802","114.152","114.429","6","-12"
"2022/02/01","115.088","115.191","114.567","114.697","6","-12"
"2022/01/31","115.272","115.591","114.923","115.123","6","-12"
"2022/01/28","115.325","115.684","115.117","115.234","6","-12"
"2022/01/27","114.596","115.488","114.474","115.370","18","-36"
"2022/01/26","113.851","114.694","113.778","114.670","6","-12"
"2022/01/25","113.924","114.157","113.670","113.852","6","-12"
"2022/01/24","113.641","113.998","113.470","113.976","6","-12"
"2022/01/21","114.100","114.145","113.605","113.692","6","-12"
"2022/01/20","114.324","114.546","113.956","114.134","18","-36"
"2022/01/19","114.590","114.788","114.207","114.312","6","-12"
"2022/01/18","114.607","115.057","114.448","114.586","6","-12"
"2022/01/17","114.132","114.649","114.120","114.608","6","-12"
"2022/01/14","114.148","114.267","113.481","114.204","0","0"
"2022/01/13","114.618","114.705","114.000","114.166","36","-60"
"2022/01/12","115.259","115.465","114.377","114.642","9","-15"
"2022/01/11","115.164","115.678","115.125","115.290","12","-18"
"2022/01/10","115.578","115.848","115.044","115.210","0","0"
"2022/01/07","115.829","116.048","115.532","115.557","12","-18"
"2022/01/06","116.061","116.184","115.625","115.853","48","-72"
"2022/01/05","116.103","116.242","115.621","116.112","12","-18"
"2022/01/04","115.257","116.350","115.255","116.141","15","-30"
"2022/01/03","115.051","115.365","114.949","115.350","0","0"
"2021/12/31","115.035","115.196","115.001","115.092","0","0"
"2021/12/30","114.931","115.207","114.920","115.072","15","-30"
"2021/12/29","114.789","115.037","114.659","114.984","75","-150"
"2021/12/28","114.838","114.949","114.708","114.819","9","-15"
"2021/12/27","114.333","114.915","114.303","114.887","7","-13"
"2021/12/24","114.366","114.511","114.282","114.302","3","-9"
"2021/12/23","114.067","114.467","114.059","114.418","9","-27"
"2021/12/22","114.104","114.369","113.950","114.118","3","-9"
"2021/12/21","113.577","114.222","113.553","114.099","3","-9"
"2021/12/20","113.581","113.730","113.322","113.626","3","-9"
"2021/12/17","113.658","113.854","113.141","113.702","3","-9"
"2021/12/16","114.001","114.248","113.561","113.693","9","-27"
"2021/12/15","113.702","114.269","113.630","114.055","3","-9"
"2021/12/14","113.551","113.758","113.429","113.754","3","-9"
"2021/12/13","113.290","113.725","113.230","113.579","3","-9"
"2021/12/10","113.422","113.788","113.222","113.383","3","-9"
"2021/12/09","113.661","113.809","113.272","113.460","9","-27"
"2021/12/08","113.533","113.953","113.312","113.699","1","-7"
"2021/12/07","113.462","113.778","113.399","113.553","1","-7"
"2021/12/06","112.839","113.552","112.822","113.498","1","-7"
"2021/12/03","113.169","113.611","112.560","112.836","1","-7"
"2021/12/02","112.727","113.330","112.676","113.188","6","-24"
"2021/12/01","113.095","113.628","112.670","112.790","2","-8"
"2021/11/30","113.573","113.891","112.533","113.139","2","-8"
"2021/11/29","113.674","113.955","112.990","113.540","4","-10"
"2021/11/26","115.315","115.363","113.047","113.352","6","-12"
"2021/11/25","115.405","115.459","115.243","115.326","18","-36"
"2021/11/24","115.115","115.517","114.825","115.418","0","0"
"2021/11/23","114.866","115.191","114.485","115.130","0","0"
"2021/11/22","113.930","114.959","113.911","114.864","12","-24"
"2021/11/19","114.259","114.539","113.586","114.023","12","-24"
"2021/11/18","114.043","114.484","113.877","114.245","18","-36"
"2021/11/17","114.777","114.968","113.930","114.100","6","-12"
"2021/11/16","114.100","114.847","114.057","114.822","6","-12"
"2021/11/15","113.928","114.213","113.752","114.134","6","-12"
"2021/11/12","114.032","114.299","113.757","113.923","4","-10"
"2021/11/11","113.908","114.156","113.806","114.062","12","-30"
"2021/11/10","112.870","114.008","112.773","113.903","0","0"
"2021/11/09","113.219","113.291","112.725","112.880","10","-22"
"2021/11/08","113.312","113.665","113.076","113.222","10","-16"
"2021/11/05","113.751","114.020","113.300","113.395","10","-16"
"2021/11/04","113.958","114.277","113.503","113.754","30","-48"
"2021/11/03","113.926","114.218","113.721","114.016","0","0"
"2021/11/02","113.974","114.134","113.461","113.952","10","-16"
"2021/11/01","114.096","114.443","113.939","113.993","20","-32"
"2021/10/29","113.556","114.095","113.393","113.963","10","-16"
"2021/10/28","113.801","113.867","113.256","113.552","30","-48"
"2021/10/27","114.098","114.221","113.389","113.825","10","-16"
"2021/10/26","113.694","114.310","113.671","114.148","10","-16"
"2021/10/25","113.538","113.922","113.437","113.719","10","-16"
"2021/10/22","113.980","114.207","113.413","113.496","10","-16"
"2021/10/21","114.274","114.413","113.645","114.016","30","-48"
"2021/10/20","114.308","114.701","114.075","114.336","10","-16"
"2021/10/19","114.297","114.398","113.881","114.389","10","-16"
"2021/10/18","114.276","114.451","114.016","114.318","10","-16"
"2021/10/15","113.662","114.463","113.625","114.258","10","-16"
"2021/10/14","113.246","113.717","113.208","113.678","30","-48"
"2021/10/13","113.558","113.803","113.229","113.254","7","-13"
"2021/10/12","113.295","113.788","113.000","113.608","7","-13"
"2021/10/11","112.215","113.413","112.175","113.327","7","-13"
"2021/10/08","111.596","112.252","111.512","112.228","0","0"
"2021/10/07","111.401","111.650","111.230","111.637","28","-52"
"2021/10/06","111.437","111.786","111.195","111.430","7","-13"
"2021/10/05","110.906","111.562","110.870","111.457","5","-11"
"2021/10/04","110.907","111.301","110.823","110.921","5","-11"
"2021/10/01","111.257","111.484","110.901","111.069","5","-11"
"2021/09/30","111.933","112.077","111.238","111.279","15","-33"
"2021/09/29","111.449","112.047","111.207","111.981","11","-25"
"2021/09/28","110.955","111.638","110.933","111.511","11","-20"
"2021/09/27","110.658","111.065","110.534","111.011","4","-10"
"2021/09/24","110.302","110.792","110.250","110.739","4","-10"
"2021/09/23","109.723","110.347","109.719","110.329","0","0"
"2021/09/22","109.187","109.898","109.121","109.811","12","-30"
"2021/09/21","109.351","109.706","109.176","109.216","8","-20"
"2021/09/20","109.911","110.037","109.323","109.380","0","0"
"2021/09/17","109.697","110.079","109.666","109.975","4","-10"
"2021/09/16","109.341","109.824","109.213","109.738","16","-40"
"2021/09/15","109.661","109.746","109.110","109.372","4","-10"
"2021/09/14","109.948","110.161","109.528","109.683","4","-10"
"2021/09/13","109.818","110.156","109.806","110.008","4","-10"
"2021/09/10","109.703","109.990","109.690","109.908","4","-10"
"2021/09/09","110.211","110.276","109.617","109.736","12","-30"
"2021/09/08","110.264","110.447","110.142","110.263","4","-10"
"2021/09/07","109.808","110.319","109.688","110.288","4","-10"
"2021/09/06","109.758","109.945","109.613","109.859","5","-11"
"2021/09/03","109.917","110.071","109.588","109.703","0","0"
"2021/09/02","109.992","110.121","109.916","109.938","28","-52"
"2021/09/01","109.994","110.419","109.880","110.046","5","-11"
"2021/08/31","109.892","110.078","109.579","109.997","5","-11"
"2021/08/30","109.841","109.961","109.703","109.931","5","-11"
"2021/08/27","109.988","110.266","109.780","109.848","4","-10"
"2021/08/26","109.951","110.228","109.926","110.074","12","-30"
"2021/08/25","109.639","110.123","109.600","109.989","4","-10"
"2021/08/24","109.634","109.881","109.414","109.684","4","-10"
"2021/08/23","109.729","110.146","109.653","109.690","4","-10"
"2021/08/20","109.716","109.885","109.571","109.791","4","-10"
"2021/08/19","109.760","110.226","109.484","109.780","12","-30"
"2021/08/18","109.515","110.068","109.480","109.764","4","-10"
"2021/08/17","109.247","109.655","109.117","109.589","4","-10"
"2021/08/16","109.620","109.743","109.107","109.267","8","-14"
"2021/08/13","110.360","110.456","109.543","109.604","8","-14"
"2021/08/12","110.390","110.547","110.316","110.431","24","-42"
"2021/08/11","110.545","110.800","110.305","110.435","5","-11"
"2021/08/10","110.307","110.598","110.278","110.579","5","-11"
"2021/08/09","110.229","110.353","110.028","110.343","0","0"
"2021/08/06","109.745","110.355","109.699","110.224","5","-11"
"2021/08/05","109.470","109.787","109.405","109.779","20","-44"
"2021/08/04","109.020","109.673","108.721","109.478","5","-11"
"2021/08/03","109.317","109.343","108.868","109.032","5","-11"
"2021/08/02","109.602","109.771","109.180","109.321","5","-11"
"2021/07/30","109.435","109.828","109.363","109.664","5","-11"
"2021/07/29","109.896","109.948","109.420","109.488","15","-33"
"2021/07/28","109.734","110.280","109.729","109.906","5","-11"
"2021/07/27","110.359","110.388","109.582","109.810","5","-11"
"2021/07/26","110.505","110.584","110.117","110.381","5","-11"
"2021/07/23","110.111","110.593","110.080","110.538","0","0"
"2021/07/22","110.273","110.357","110.009","110.180","0","0"
"2021/07/21","109.849","110.386","109.794","110.287","5","-11"
"2021/07/20","109.393","109.956","109.328","109.858","25","-55"
"2021/07/19","110.012","110.093","109.064","109.453","5","-11"
"2021/07/16","109.794","110.341","109.732","110.084","5","-11"
"2021/07/15","109.940","110.089","109.712","109.830","18","-36"
"2021/07/14","110.598","110.697","109.933","109.938","6","-12"
"2021/07/13","110.338","110.646","110.198","110.641","6","-12"
"2021/07/12","110.119","110.402","109.978","110.349","6","-12"
"2021/07/09","109.720","110.257","109.701","110.100","6","-12"
"2021/07/08","110.608","110.672","109.529","109.761","21","-39"
"2021/07/07","110.577","110.813","110.395","110.624","10","-16"
"2021/07/06","110.912","110.973","110.522","110.624","10","-16"
"2021/07/05","110.980","111.187","110.795","110.976","10","-16"
"2021/07/02","111.493","111.658","110.950","111.024","0","0"
"2021/07/01","111.105","111.639","111.027","111.531","40","-64"
"2021/06/30","110.485","111.120","110.419","111.110","10","-16"
"2021/06/29","110.576","110.757","110.432","110.547","20","-35"
"2021/06/28","110.766","110.972","110.499","110.623","10","-16"
"2021/06/25","110.801","110.982","110.477","110.781","10","-16"
"2021/06/24","110.926","111.115","110.681","110.881","30","-48"
"2021/06/23","110.602","111.100","110.590","110.961","6","-12"
"2021/06/22","110.251","110.790","110.210","110.668","6","-12"
"2021/06/21","110.197","110.350","109.709","110.321","6","-12"
"2021/06/18","110.170","110.484","109.942","110.219","6","-12"
"2021/06/17","110.642","110.822","110.158","110.236","18","-36"
"2021/06/16","110.015","110.718","109.805","110.710","3","-9"
"2021/06/15","110.055","110.167","109.986","110.065","3","-9"
"2021/06/14","109.627","110.097","109.612","110.082","3","-9"
"2021/06/11","109.314","109.840","109.299","109.672","3","-9"
"2021/06/10","109.578","109.795","109.307","109.321","9","-27"
"2021/06/09","109.489","109.656","109.224","109.630","3","-9"
"2021/06/08","109.250","109.557","109.198","109.482","3","-9"
"2021/06/07","109.476","109.637","109.187","109.250","3","-9"
"2021/06/04","110.239","110.330","109.365","109.524","3","-9"
"2021/06/03","109.503","110.321","109.498","110.308","9","-27"
"2021/06/02","109.480","109.881","109.352","109.574","3","-9"
"2021/06/01","109.525","109.708","109.331","109.496","3","-9"
"2021/05/31","109.795","109.935","109.348","109.562","3","-9"
"2021/05/28","109.750","110.201","109.740","109.872","0","0"
"2021/05/27","109.110","109.924","109.037","109.835","12","-36"
"2021/05/26","108.733","109.178","108.723","109.132","3","-9"
"2021/05/25","108.708","109.069","108.559","108.768","3","-9"
"2021/05/24","108.900","108.995","108.695","108.769","3","-9"
"2021/05/21","108.719","109.003","108.611","108.940","3","-9"
"2021/05/20","109.165","109.307","108.748","108.788","9","-27"
"2021/05/19","108.854","109.336","108.572","109.192","3","-9"
"2021/05/18","109.154","109.282","108.826","108.903","3","-9"
"2021/05/17","109.247","109.501","109.075","109.240","3","-9"
"2021/05/14","109.405","109.654","109.178","109.367","3","-9"
"2021/05/13","109.621","109.785","109.405","109.448","9","-27"
"2021/05/12","108.543","109.683","108.539","109.683","3","-9"
"2021/05/11","108.755","108.979","108.348","108.619","3","-9"
"2021/05/10","108.610","109.056","108.459","108.844","3","-9"
"2021/05/07","109.069","109.282","108.328","108.608","3","-9"
"2021/05/06","109.175","109.427","108.999","109.083","9","-27"
"2021/05/05","109.292","109.480","109.148","109.200","0","0"
"2021/05/04","109.040","109.486","109.017","109.293","0","0"
"2021/05/03","109.268","109.698","108.887","109.072","0","0"
"2021/04/30","108.922","109.343","108.711","109.331","3","-9"
"2021/04/29","108.587","109.224","108.435","108.918","0","0"
"2021/04/28","108.684","109.077","108.563","108.622","18","-54"
"2021/04/27","108.052","108.775","108.045","108.743","6","-18"
"2021/04/26","107.923","108.199","107.643","108.094","3","-9"
"2021/04/23","107.916","108.144","107.476","107.881","3","-9"
"2021/04/22","108.055","108.233","107.813","107.973","9","-27"
"2021/04/21","108.079","108.282","107.877","108.053","3","-9"
"2021/04/20","108.128","108.549","107.971","108.088","6","-12"
"2021/04/19","108.716","108.826","108.003","108.140","6","-12"
"2021/04/16","108.687","108.966","108.602","108.793","6","-12"
"2021/04/15","108.907","108.964","108.609","108.746","18","-36"
"2021/04/14","109.051","109.090","108.744","108.933","6","-12"
"2021/04/13","109.351","109.752","109.018","109.061","6","-12"
"2021/04/12","109.649","109.770","109.247","109.398","6","-12"
"2021/04/09","109.190","109.959","109.177","109.658","6","-12"
"2021/04/08","109.800","109.903","108.991","109.265","18","-36"
"2021/04/07","109.718","109.942","109.569","109.831","10","-16"
"2021/04/06","110.110","110.552","109.668","109.739","10","-16"
"2021/04/05","110.632","110.749","109.952","110.182","10","-16"
"2021/04/02","110.557","110.747","110.373","110.648","10","-16"
"2021/04/01","110.670","110.846","110.543","110.613","30","-48"
"2021/03/31","110.320","110.966","110.272","110.705","10","-16"
"2021/03/30","109.750","110.426","109.732","110.344","10","-16"
"2021/03/29","109.702","109.845","109.360","109.839","10","-16"
"2021/03/26","109.155","109.846","109.130","109.677","10","-16"
"2021/03/25","108.720","109.238","108.701","109.186","30","-48"
"2021/03/24","108.556","108.952","108.452","108.726","10","-16"
"2021/03/23","108.796","108.872","108.405","108.592","10","-16"
"2021/03/22","108.601","108.957","108.586","108.821","10","-16"
"2021/03/19","108.884","109.121","108.608","108.884","10","-16"
"2021/03/18","108.863","109.303","108.623","108.896","30","-48"
"2021/03/17","108.957","109.326","108.741","108.856","4","-10"
"2021/03/16","109.142","109.285","108.771","109.005","4","-10"
"2021/03/15","108.969","109.363","108.913","109.129","4","-10"
"2021/03/12","108.522","109.164","108.475","109.028","4","-10"
"2021/03/11","108.376","108.813","108.354","108.501","12","-30"
"2021/03/10","108.468","108.919","108.332","108.401","5","-11"
"2021/03/09","108.840","109.234","108.414","108.499","5","-11"
"2021/03/08","108.326","108.940","108.264","108.921","5","-11"
"2021/03/05","107.950","108.645","107.820","108.382","5","-11"
"2021/03/04","106.981","107.981","106.952","107.981","15","-33"
"2021/03/03","106.660","107.154","106.651","107.013","5","-11"
"2021/03/02","106.740","106.959","106.676","106.688","5","-11"
"2021/03/01","106.502","106.889","106.365","106.766","5","-11"
"2021/02/26","106.170","106.692","105.848","106.548","5","-11"
"2021/02/25","105.856","106.394","105.775","106.244","15","-33"
"2021/02/24","105.235","106.103","105.193","105.842","5","-11"
"2021/02/23","105.057","105.418","104.921","105.266","0","0"
"2021/02/22","105.384","105.846","104.981","105.075","5","-11"
"2021/02/19","105.683","105.741","105.239","105.423","10","-22"
"2021/02/18","105.863","105.924","105.589","105.676","15","-33"
"2021/02/17","105.995","106.225","105.773","105.866","5","-11"
"2021/02/16","105.304","106.005","105.180","105.993","5","-11"
"2021/02/15","104.890","105.415","104.878","105.368","5","-11"
"2021/02/12","104.741","105.182","104.712","104.926","0","0"
"2021/02/11","104.579","104.802","104.551","104.737","0","0"
"2021/02/10","104.563","104.844","104.409","104.604","20","-44"
"2021/02/09","105.217","105.264","104.500","104.573","10","-22"
"2021/02/08","105.319","105.671","105.142","105.221","5","-11"
"2021/02/05","105.534","105.767","105.334","105.385","5","-11"
"2021/02/04","104.998","105.565","104.974","105.551","15","-33"
"2021/02/03","104.955","105.103","104.923","105.029","6","-12"
"2021/02/02","104.907","105.173","104.829","104.993","6","-12"
"2021/02/01","104.750","105.034","104.609","104.947","6","-12"
"2021/01/29","104.214","104.940","104.195","104.729","6","-12"
"2021/01/28","104.116","104.461","104.031","104.255","18","-36"
"2021/01/27","103.577","104.197","103.569","104.096","6","-12"
"2021/01/26","103.730","103.829","103.549","103.617","6","-12"
"2021/01/25","103.711","103.936","103.673","103.767","6","-12"
"2021/01/22","103.487","103.887","103.464","103.771","6","-12"
"2021/01/21","103.542","103.667","103.327","103.490","12","-30"
"2021/01/20","103.913","103.936","103.441","103.546","4","-10"
"2021/01/19","103.658","104.086","103.643","103.904","4","-10"
"2021/01/18","103.798","103.932","103.636","103.688","4","-10"
"2021/01/15","103.794","103.914","103.616","103.870","0","0"
"2021/01/14","103.846","104.196","103.559","103.791","16","-40"
"2021/01/13","103.743","103.995","103.526","103.889","4","-10"
"2021/01/12","104.200","104.332","103.713","103.748","4","-10"
"2021/01/11","103.847","104.398","103.842","104.233","0","0"
"2021/01/08","103.784","104.092","103.604","103.966","4","-10"
"2021/01/07","103.002","103.956","102.951","103.814","16","-40"
"2021/01/06","102.717","103.443","102.593","103.070","4","-10"
"2021/01/05","103.088","103.189","102.597","102.720","4","-10"
"2021/01/04","103.070","103.317","102.713","103.154","4","-10"
"2020/12/31","103.157","103.308","102.990","103.290","0","0"
"2020/12/30","103.535","103.576","102.960","103.212","4","-10"
"2020/12/29","103.761","103.815","103.458","103.532","5","-35"
"2020/12/28","103.501","103.900","103.405","103.792","2","-8"
"2020/12/25","103.571","103.663","103.503","103.564","8","-14"
"2020/12/24","103.538","103.766","103.500","103.619","0","0"
"2020/12/23","103.628","103.654","103.356","103.551","24","-48"
"2020/12/22","103.320","103.733","103.281","103.603","6","-12"
"2020/12/21","103.477","103.890","103.253","103.305","6","-12"
"2020/12/18","103.106","103.594","103.064","103.313","6","-12"
"2020/12/17","103.437","103.563","102.871","103.076","18","-36"
"2020/12/16","103.659","103.915","103.262","103.419","6","-12"
"2020/12/15","104.038","104.153","103.605","103.640","6","-12"
"2020/12/14","103.815","104.103","103.511","104.015","6","-12"
"2020/12/11","104.272","104.274","103.826","104.035","6","-12"
"2020/12/10","104.173","104.578","104.152","104.221","15","-33"
"2020/12/09","104.161","104.404","104.054","104.233","5","-11"
"2020/12/08","104.043","104.209","103.955","104.157","5","-11"
"2020/12/07","104.089","104.313","103.921","104.045","5","-11"
"2020/12/04","103.849","104.245","103.740","104.187","9","-15"
"2020/12/03","104.405","104.533","103.667","103.851","27","-45"
"2020/12/02","104.294","104.752","104.218","104.414","7","-15"
"2020/12/01","104.286","104.579","104.183","104.323","7","-15"
"2020/11/30","104.027","104.409","103.834","104.351","7","-15"
"2020/11/27","104.240","104.275","103.905","104.125","7","-15"
"2020/11/26","104.455","104.480","104.213","104.253","21","-45"
"2020/11/25","104.415","104.599","104.251","104.459","0","0"
"2020/11/24","104.463","104.761","104.147","104.449","14","-30"
"2020/11/23","103.732","104.630","103.683","104.531","0","0"
"2020/11/20","103.740","103.911","103.701","103.835","8","-15"
"2020/11/19","103.781","104.217","103.717","103.747","32","-60"
"2020/11/18","104.200","104.200","103.650","103.793","8","-15"
"2020/11/17","104.578","104.591","104.064","104.183","8","-15"
"2020/11/16","104.684","105.131","104.365","104.565","8","-15"
"2020/11/13","105.131","105.150","104.556","104.618","8","-15"
"2020/11/12","105.471","105.479","105.069","105.124","24","-45"
"2020/11/11","105.285","105.679","105.005","105.433","8","-15"
"2020/11/10","105.316","105.487","104.819","105.239","0","0"
"2020/11/09","103.311","105.648","103.180","105.387","16","-30"
"2020/11/06","103.455","103.756","103.176","103.370","8","-15"
"2020/11/05","104.515","104.533","103.440","103.525","24","-45"
"2020/11/04","104.466","105.333","104.150","104.504","8","-15"
"2020/11/03","104.724","104.804","104.434","104.530","0","0"
"2020/11/02","104.507","104.948","104.464","104.757","8","-15"
"2020/10/30","104.621","104.745","104.118","104.668","16","-30"
"2020/10/29","104.306","104.726","104.025","104.617","18","-45"
"2020/10/28","104.412","104.555","104.111","104.330","6","-15"
"2020/10/27","104.834","104.889","104.387","104.442","6","-15"
"2020/10/26","104.664","105.055","104.623","104.830","6","-15"
"2020/10/23","104.847","104.938","104.546","104.715","6","-21"
"2020/10/22","104.577","104.924","104.476","104.888","18","-63"
"2020/10/21","105.471","105.525","104.333","104.586","6","-21"
"2020/10/20","105.393","105.747","105.336","105.501","6","-26"
"2020/10/19","105.349","105.500","105.300","105.429","6","-26"
"2020/10/16","105.356","105.442","105.190","105.403","6","-30"
"2020/10/15","105.128","105.493","105.041","105.415","18","-90"
"2020/10/14","105.467","105.516","105.037","105.150","6","-30"
"2020/10/13","105.267","105.628","105.241","105.478","6","-30"
"2020/10/12","105.733","105.736","105.240","105.333","6","-30"
"2020/10/09","106.016","106.040","105.576","105.628","0","0"
"2020/10/08","105.966","106.106","105.923","106.036","16","-144"
"2020/10/07","105.595","106.106","105.592","105.978","4","-36"
"2020/10/06","105.717","105.784","105.463","105.638","4","-36"
"2020/10/05","105.471","105.794","105.396","105.735","4","-36"
"2020/10/02","105.525","105.666","104.943","105.333","4","-36"
"2020/10/01","105.465","105.725","105.399","105.562","12","-108"
"2020/09/30","105.627","105.800","105.401","105.438","4","-36"
"2020/09/29","105.500","105.733","105.343","105.683","4","-36"
"2020/09/28","105.683","105.688","105.263","105.504","4","-36"
"2020/09/25","105.394","105.698","105.239","105.549","4","-36"
"2020/09/24","105.379","105.530","105.204","105.421","12","-108"
"2020/09/23","104.926","105.490","104.831","105.359","4","-36"
"2020/09/22","104.669","105.077","104.406","104.954","0","0"
"2020/09/21","104.548","104.882","104.001","104.670","0","0"
"2020/09/18","104.686","104.871","104.272","104.568","4","-36"
"2020/09/17","104.921","105.170","104.524","104.729","20","-180"
"2020/09/16","105.390","105.438","104.792","104.982","4","-36"
"2020/09/15","105.693","105.814","105.301","105.448","4","-36"
"2020/09/14","106.088","106.161","105.540","105.734","4","-36"
"2020/09/11","106.124","106.255","106.059","106.150","4","-36"
"2020/09/10","106.159","106.304","105.981","106.139","12","-108"
"2020/09/09","106.015","106.273","105.790","106.184","4","-36"
"2020/09/08","106.266","106.382","105.861","106.027","4","-36"
"2020/09/07","106.230","106.384","106.133","106.286","4","-36"
"2020/09/04","106.158","106.502","106.058","106.235","0","0"
"2020/09/03","106.136","106.551","106.004","106.177","16","-144"
"2020/09/02","105.950","106.298","105.851","106.194","4","-36"
"2020/09/01","105.901","106.144","105.593","105.955","4","-36"
"2020/08/31","105.430","106.096","105.294","105.900","4","-36"
"2020/08/28","106.547","106.946","105.194","105.345","4","-36"
"2020/08/27","105.998","106.699","105.603","106.569","12","-108"
"2020/08/26","106.350","106.555","105.956","105.984","4","-36"
"2020/08/25","105.977","106.576","105.874","106.394","4","-36"
"2020/08/24","105.752","105.996","105.684","105.988","4","-36"
"2020/08/21","105.782","106.072","105.437","105.824","4","-36"
"2020/08/20","106.122","106.216","105.746","105.791","12","-108"
"2020/08/19","105.420","106.147","105.102","106.107","4","-36"
"2020/08/18","105.987","106.068","105.277","105.398","4","-36"
"2020/08/17","106.602","106.655","105.943","106.003","4","-36"
"2020/08/14","106.904","107.039","106.434","106.573","4","-36"
"2020/08/13","106.850","107.050","106.564","106.922","12","-108"
"2020/08/12","106.498","107.015","106.442","106.874","4","-36"
"2020/08/11","105.936","106.683","105.898","106.499","4","-36"
"2020/08/10","105.884","106.201","105.708","105.965","0","0"
"2020/08/07","105.513","106.056","105.481","105.918","4","-36"
"2020/08/06","105.526","105.697","105.299","105.529","16","-144"
"2020/08/05","105.707","105.873","105.319","105.593","4","-36"
"2020/08/04","105.966","106.196","105.638","105.735","4","-36"
"2020/08/03","105.803","106.473","105.580","105.956","4","-36"
"2020/07/31","104.720","106.053","104.190","105.931","4","-36"
"2020/07/30","104.918","105.292","104.681","104.739","12","-108"
"2020/07/29","105.054","105.243","104.766","104.945","4","-36"
"2020/07/28","105.406","105.684","104.952","105.089","4","-36"
"2020/07/27","106.032","106.056","105.114","105.376","4","-36"
"2020/07/24","106.861","106.893","105.673","106.122","0","0"
"2020/07/23","107.163","107.225","106.711","106.868","0","0"
"2020/07/22","106.733","107.288","106.710","107.160","4","-36"
"2020/07/21","107.222","107.365","106.681","106.808","20","-180"
"2020/07/20","107.052","107.519","106.989","107.283","4","-36"
"2020/07/17","107.251","107.361","106.933","107.021","4","-36"
"2020/07/16","106.910","107.401","106.834","107.273","12","-108"
"2020/07/15","107.242","107.308","106.667","106.941","4","-36"
"2020/07/14","107.257","107.426","107.119","107.241","4","-36"
"2020/07/13","106.876","107.318","106.787","107.288","4","-36"
"2020/07/10","107.205","107.266","106.637","106.905","4","-36"
"2020/07/09","107.252","107.398","107.092","107.202","12","-108"
"2020/07/08","107.521","107.710","107.202","107.254","4","-36"
"2020/07/07","107.329","107.789","107.245","107.536","4","-36"
"2020/07/06","107.480","107.773","107.255","107.393","4","-36"
"2020/07/03","107.514","107.568","107.436","107.485","4","-36"
"2020/07/02","107.433","107.722","107.329","107.497","6","-102"
"2020/07/01","107.944","108.163","107.356","107.455","2","-34"
"2020/06/30","107.549","107.984","107.502","107.925","2","-34"
"2020/06/29","107.100","107.884","107.040","107.569","2","-34"
"2020/06/26","107.179","107.358","106.798","107.224","2","-34"
"2020/06/25","107.045","107.451","106.921","107.172","6","-102"
"2020/06/24","106.475","107.072","106.384","107.059","2","-34"
"2020/06/23","106.868","107.221","106.072","106.534","2","-34"
"2020/06/22","106.767","107.011","106.739","106.869","2","-34"
"2020/06/19","106.983","107.058","106.767","106.878","2","-34"
"2020/06/18","106.971","107.129","106.660","106.977","6","-102"
"2020/06/17","107.304","107.441","106.953","107.002","2","-34"
"2020/06/16","107.397","107.641","107.210","107.290","2","-34"
"2020/06/15","107.359","107.573","106.993","107.354","2","-34"
"2020/06/12","106.837","107.553","106.585","107.353","2","-34"
"2020/06/11","107.080","107.234","106.568","106.862","6","-102"
"2020/06/10","107.724","107.874","106.978","107.142","2","-34"
"2020/06/09","108.400","108.547","107.612","107.743","2","-34"
"2020/06/08","109.584","109.700","108.233","108.437","2","-34"
"2020/06/05","109.147","109.851","109.029","109.586","2","-34"
"2020/06/04","108.864","109.206","108.616","109.167","6","-102"
"2020/06/03","108.656","108.983","108.422","108.925","2","-34"
"2020/06/02","107.576","108.771","107.507","108.680","2","-34"
"2020/06/01","107.696","107.854","107.370","107.581","2","-34"
"2020/05/29","107.608","107.893","107.075","107.791","2","-34"
"2020/05/28","107.710","107.900","107.566","107.616","6","-102"
"2020/05/27","107.548","107.944","107.358","107.707","2","-34"
"2020/05/26","107.711","107.923","107.400","107.540","2","-34"
"2020/05/25","107.562","107.780","107.544","107.713","2","-34"
"2020/05/22","107.638","107.763","107.324","107.612","0","0"
"2020/05/21","107.508","107.848","107.469","107.601","8","-136"
"2020/05/20","107.633","107.983","107.336","107.548","2","-34"
"2020/05/19","107.279","108.086","107.253","107.712","2","-34"
"2020/05/18","107.111","107.505","107.070","107.304","2","-37"
"2020/05/15","107.214","107.434","106.858","107.167","2","-37"
"2020/05/14","107.015","107.364","106.776","107.235","6","-111"
"2020/05/13","107.124","107.279","106.743","107.032","2","-37"
"2020/05/12","107.610","107.694","107.123","107.147","2","-37"
"2020/05/11","106.634","107.770","106.596","107.627","2","-37"
"2020/05/08","106.268","106.750","106.222","106.688","2","-37"
"2020/05/07","106.021","106.654","105.989","106.263","6","-126"
"2020/05/06","106.484","106.615","105.983","106.091","0","0"
"2020/05/05","106.722","106.895","106.416","106.534","0","0"
"2020/05/04","106.796","107.068","106.634","106.724","0","0"
"2020/05/01","107.132","107.405","106.604","106.911","2","-42"
"2020/04/30","106.613","107.499","106.406","107.165","12","-252"
"2020/04/29","106.841","106.892","106.360","106.584","0","0"
"2020/04/28","107.236","107.339","106.559","106.865","2","-42"
"2020/04/27","107.487","107.622","106.991","107.260","4","-84"
"2020/04/24","107.611","107.757","107.371","107.493","2","-42"
"2020/04/23","107.755","108.041","107.346","107.624","12","-177"
"2020/04/22","107.688","107.936","107.515","107.729","4","-59"
"2020/04/21","107.589","107.893","107.281","107.759","4","-59"
"2020/04/20","107.537","107.949","107.470","107.634","4","-59"
"2020/04/17","107.889","108.082","107.301","107.553","4","-59"
"2020/04/16","107.374","108.083","107.166","107.862","12","-177"
"2020/04/15","107.123","107.871","106.929","107.434","4","-59"
"2020/04/14","107.736","107.758","106.981","107.212","4","-59"
"2020/04/13","108.420","108.521","107.501","107.750","4","-59"
"2020/04/10","108.433","108.586","108.322","108.437","4","-59"
"2020/04/09","108.795","109.061","108.208","108.498","12","-177"
"2020/04/08","108.772","109.102","108.504","108.850","4","-59"
"2020/04/07","109.226","109.278","108.670","108.799","4","-59"
"2020/04/06","108.408","109.381","108.384","109.205","4","-59"
"2020/04/03","107.803","108.678","107.787","108.460","6","-61"
"2020/04/02","107.123","108.094","106.993","107.863","30","-195"
"2020/04/01","107.505","107.937","106.919","107.166","10","-65"
"2020/03/31","107.753","108.730","107.458","107.506","5","-85"
"2020/03/30","107.707","108.293","107.122","107.907","5","-85"
"2020/03/27","109.618","109.650","107.747","107.979","5","-85"
"2020/03/26","111.198","111.285","109.206","109.586","120","-360"
"2020/03/25","111.332","111.682","110.752","111.202","40","-120"
"2020/03/24","111.142","111.714","110.085","111.236","40","-120"
"2020/03/23","110.790","111.593","109.662","111.251","60","-110"
"2020/03/20","110.680","111.506","109.323","110.864","0","0"
"2020/03/19","107.926","110.953","107.843","110.608","40","-80"
"2020/03/18","107.644","108.654","106.749","108.067","160","-320"
"2020/03/17","105.882","107.861","105.828","107.622","40","-80"
"2020/03/16","107.026","107.573","105.144","105.971","30","-60"
"2020/03/13","104.649","108.504","104.485","108.012","35","-65"
"2020/03/12","104.366","106.095","103.084","104.662","105","-195"
"2020/03/11","105.534","105.568","104.087","104.472","35","-65"
"2020/03/10","102.257","105.921","102.010","105.596","35","-65"
"2020/03/09","104.433","104.601","101.171","102.424","35","-65"
"2020/03/06","106.110","106.344","104.992","105.358","35","-65"
"2020/03/05","107.514","107.736","105.958","106.139","105","-195"
"2020/03/04","107.099","107.691","106.847","107.551","43","-73"
"2020/03/03","108.295","108.534","106.929","107.105","43","-73"
"2020/03/02","107.451","108.577","107.352","108.345","43","-73"
"2020/02/28","109.576","109.680","107.507","108.062","43","-73"
"2020/02/27","110.373","110.454","109.615","109.661","129","-219"
"2020/02/26","110.156","110.703","110.128","110.412","43","-73"
"2020/02/25","110.656","111.041","109.889","110.187","43","-73"
"2020/02/24","111.262","111.682","110.333","110.722","0","0"
"2020/02/21","112.070","112.185","111.463","111.571","43","-73"
"2020/02/20","111.317","112.224","111.112","112.107","172","-292"
"2020/02/19","109.861","111.593","109.827","111.352","43","-73"
"2020/02/18","109.833","109.947","109.659","109.878","43","-73"
"2020/02/17","109.854","109.960","109.718","109.886","43","-73"
"2020/02/14","109.788","109.913","109.699","109.782","0","0"
"2020/02/13","110.057","110.087","109.616","109.825","172","-292"
"2020/02/12","109.782","110.134","109.753","110.110","43","-73"
"2020/02/11","109.773","109.963","109.727","109.787","0","0"
"2020/02/10","109.672","109.879","109.562","109.770","43","-73"
"2020/02/07","109.972","110.016","109.531","109.782","86","-146"
"2020/02/06","109.796","110.002","109.697","109.987","129","-219"
"2020/02/05","109.486","109.846","109.303","109.836","43","-73"
"2020/02/04","108.676","109.544","108.548","109.520","43","-73"
"2020/02/03","108.408","108.798","108.302","108.687","40","-70"
"2020/01/31","108.924","109.134","108.310","108.355","40","-70"
"2020/01/30","108.995","109.071","108.581","108.954","120","-210"
"2020/01/29","109.139","109.258","108.977","109.040","40","-70"
"2020/01/28","108.865","109.201","108.749","109.153","40","-70"
"2020/01/27","108.898","109.135","108.733","108.899","40","-70"
"2020/01/24","109.488","109.651","109.172","109.287","40","-70"
"2020/01/23","109.837","109.853","109.265","109.478","120","-210"
"2020/01/22","109.844","110.093","109.825","109.847","40","-70"
"2020/01/21","110.175","110.221","109.759","109.863","40","-70"
"2020/01/20","110.067","110.216","110.063","110.168","40","-70"
"2020/01/17","110.145","110.288","110.049","110.170","0","0"
"2020/01/16","109.872","110.177","109.812","110.168","160","-280"
"2020/01/15","109.954","110.010","109.787","109.908","40","-70"
"2020/01/14","109.914","110.203","109.845","110.001","40","-70"
"2020/01/13","109.522","109.946","109.482","109.939","0","0"
"2020/01/10","109.522","109.689","109.432","109.505","40","-70"
"2020/01/09","109.046","109.582","109.010","109.519","160","-280"
"2020/01/08","108.462","109.245","107.649","109.138","40","-70"
"2020/01/07","108.338","108.627","108.260","108.482","40","-70"
"2020/01/06","107.840","108.506","107.772","108.376","40","-70"
"2020/01/03","108.546","108.632","107.842","108.116","0","0"
"2020/01/02","108.732","108.864","108.210","108.545","0","0"
