"日付","始値","高値","安値","終値","前日比","出来高","貸株残高","融資残高","貸借倍率","逆日歩","5DMA","25DMA","75DMA","5DVMA","25DVMA","75DVMA"
"2025/06/09","4,880.0","4,885.0","4,880.0","4,880.0","0.0","824,100","2,000","152,800","76.40","-","4,880.00","3,830.00","3,929.13","2,203,020","2,125,104","1,572,024"
"2025/06/06","4,880.0","4,885.0","4,875.0","4,880.0","0.0","4,146,800","2,000","152,500","76.25","-","4,880.00","3,791.60","3,927.13","3,623,200","2,159,932","1,580,052"
"2025/06/05","4,880.0","4,880.0","4,875.0","4,880.0","0.0","1,673,000","1,900","293,700","154.58","-","4,841.00","3,762.00","3,925.40","2,876,880","2,025,964","1,561,264"
"2025/06/04","4,880.0","4,880.0","4,875.0","4,880.0","0.0","2,442,200","800","386,300","482.88","-","4,662.00","3,731.60","3,918.60","2,590,860","1,987,244","1,570,241"
"2025/06/03","4,880.0","4,880.0","4,875.0","4,880.0","0.0","1,929,000","900","480,900","534.33","-","4,343.00","3,695.80","3,909.13","2,333,660","1,917,356","1,564,370"
"2025/06/02","4,880.0","4,885.0","4,875.0","4,880.0","+195.0","7,925,000","700","627,200","896.00","-","4,013.00","3,656.80","3,900.13","2,090,700","1,878,396","1,626,652"
"2025/05/30","4,685.0","4,685.0","4,685.0","4,685.0","+700.0","415,200","400","1,245,600","3,114.00","-","3,683.00","3,617.20","3,894.60","753,240","1,585,280","1,587,893"
"2025/05/29","3,985.0","3,985.0","3,985.0","3,985.0","+700.0","242,900","400","970,400","2,426.00","-","3,404.00","3,581.60","3,899.06","823,260","1,582,724","1,609,358"
"2025/05/28","3,265.0","3,295.0","3,210.0","3,285.0","+55.0","1,156,200","400","992,600","2,481.50","-","3,256.00","3,573.80","3,909.46","976,520","1,593,800","1,618,141"
"2025/05/27","3,245.0","3,245.0","3,190.0","3,230.0","0.0","714,200","400","1,016,800","2,542.00","-","3,245.00","3,596.60","3,927.53","1,218,280","1,574,396","1,615,138"
"2025/05/26","3,300.0","3,305.0","3,200.0","3,230.0","-60.0","1,237,700","600","1,009,400","1,682.30","-","3,273.00","3,617.40","3,945.66","1,295,440","1,575,652","1,627,996"
"2025/05/23","3,250.0","3,295.0","3,230.0","3,290.0","+45.0","765,300","0","953,300","0.00","-","3,317.00","3,634.00","3,966.06","1,428,080","1,554,492","1,674,674"
"2025/05/22","3,190.0","3,285.0","3,185.0","3,245.0","+15.0","1,009,200","0","977,700","0.00","-","3,331.00","3,654.20","3,980.13","1,570,040","1,544,752","1,697,825"
"2025/05/21","3,245.0","3,310.0","3,180.0","3,230.0","-140.0","2,365,000","1,000","988,900","988.90","-","3,356.00","3,672.40","3,993.13","1,631,060","1,534,688","1,708,324"
"2025/05/20","3,455.0","3,485.0","3,370.0","3,370.0","-80.0","1,100,000","0","934,400","0.00","-","3,392.00","3,690.80","4,005.00","1,595,100","1,480,300","1,698,162"
"2025/05/19","3,350.0","3,500.0","3,345.0","3,450.0","+90.0","1,900,900","0","836,600","0.00","-","3,396.00","3,705.00","4,012.40","2,131,700","1,515,156","1,697,633"
"2025/05/16","3,380.0","3,425.0","3,340.0","3,360.0","-10.0","1,475,100","0","901,400","0.00","-","3,376.00","3,699.20","4,018.06","2,272,460","1,517,292","1,689,234"
"2025/05/15","3,375.0","3,415.0","3,350.0","3,370.0","-40.0","1,314,300","0","903,000","0.00","-","3,392.00","3,699.20","4,024.86","3,419,080","1,541,956","1,677,942"
"2025/05/14","3,410.0","3,445.0","3,330.0","3,410.0","+20.0","2,185,200","0","887,000","0.00","-","3,460.00","3,686.40","4,031.86","3,474,380","1,607,088","1,668,958"
"2025/05/13","3,455.0","3,525.0","3,380.0","3,390.0","+40.0","3,783,000","0","866,300","0.00","-","3,524.00","3,688.00","4,038.86","3,290,280","1,672,300","1,651,084"
"2025/05/12","3,400.0","3,410.0","3,325.0","3,350.0","-90.0","2,604,700","1,800","951,100","528.39","-","3,588.00","3,704.40","4,046.86","2,904,660","1,597,392","1,608,540"
"2025/05/09","3,760.0","3,835.0","3,375.0","3,440.0","-270.0","7,208,200","3,300","855,200","259.15","-","3,702.00","3,733.20","4,055.20","2,722,680","1,544,184","1,586,680"
"2025/05/08","3,680.0","3,710.0","3,600.0","3,710.0","-20.0","1,590,800","100","457,100","4,571.00","-","3,842.00","3,752.80","4,062.73","1,440,560","1,293,056","1,504,632"
"2025/05/07","3,745.0","3,750.0","3,660.0","3,730.0","+20.0","1,264,700","100","434,200","4,342.00","-","3,924.00","3,767.00","4,066.13","1,263,400","1,267,024","1,497,906"
"2025/05/02","3,810.0","3,825.0","3,660.0","3,710.0","-210.0","1,854,900","0","422,200","0.00","-","3,975.00","3,788.60","4,069.40","1,149,460","1,244,584","1,511,956"
"2025/05/01","4,070.0","4,120.0","3,880.0","3,920.0","-220.0","1,694,800","1,100","381,100","346.45","-","4,014.00","3,814.40","4,070.66","969,480","1,193,176","1,495,949"
"2025/04/30","4,135.0","4,220.0","4,090.0","4,140.0","+20.0","797,600","1,100","330,800","300.73","-","4,008.00","3,830.80","4,069.46","749,940","1,150,972","1,488,148"
"2025/04/28","4,025.0","4,140.0","4,010.0","4,120.0","+135.0","705,000","100","309,400","3,094.00","-","3,939.00","3,836.40","4,064.33","660,680","1,147,104","1,493,481"
"2025/04/25","3,975.0","4,045.0","3,945.0","3,985.0","+80.0","695,000","100","308,100","3,081.00","-","3,873.00","3,844.40","4,059.80","623,640","1,142,684","1,494,304"
"2025/04/24","3,950.0","4,005.0","3,885.0","3,905.0","+15.0","955,000","100","287,900","2,879.00","-","3,847.00","3,861.00","4,057.33","618,860","1,180,336","1,493,005"
"2025/04/23","3,850.0","3,895.0","3,810.0","3,890.0","+95.0","597,100","100","288,500","2,885.00","-","3,816.00","3,872.20","4,055.80","576,980","1,194,956","1,492,397"
"2025/04/22","3,735.0","3,795.0","3,715.0","3,795.0","+5.0","351,300","100","313,200","3,132.00","-","3,767.00","3,882.40","4,055.60","599,300","1,211,992","1,494,152"
"2025/04/21","3,850.0","3,870.0","3,725.0","3,790.0","-65.0","519,800","100","320,700","3,207.00","-","3,767.00","3,896.40","4,056.60","633,400","1,244,800","1,502,401"
"2025/04/18","3,760.0","3,880.0","3,740.0","3,855.0","+105.0","671,100","100","320,300","3,203.00","-","3,749.00","3,909.40","4,057.06","680,960","1,292,640","1,504,716"
"2025/04/17","3,680.0","3,750.0","3,610.0","3,750.0","+105.0","745,600","100","339,900","3,399.00","-","3,716.00","3,914.80","4,057.40","747,800","1,344,244","1,509,488"
"2025/04/16","3,840.0","3,850.0","3,630.0","3,645.0","-150.0","708,700","100","338,700","3,387.00","-","3,711.00","3,911.40","4,058.06","992,960","1,375,316","1,510,270"
"2025/04/15","3,765.0","3,835.0","3,720.0","3,795.0","+95.0","521,800","100","301,400","3,014.00","-","3,643.00","3,908.20","4,060.06","1,242,080","1,424,824","1,524,749"
"2025/04/14","3,685.0","3,765.0","3,640.0","3,700.0","+10.0","757,600","300","313,600","1,045.30","-","3,556.00","3,904.40","4,061.80","1,556,060","1,439,024","1,537,633"
"2025/04/11","3,585.0","3,700.0","3,490.0","3,690.0","-35.0","1,005,300","300","318,800","1,062.70","-","3,426.00","3,907.40","4,063.00","1,993,060","1,456,144","1,540,642"
"2025/04/10","3,820.0","3,820.0","3,600.0","3,725.0","+420.0","1,971,400","100","309,400","3,094.00","-","3,378.00","3,917.60","4,064.06","2,555,100","1,476,944","1,540,717"
"2025/04/09","3,295.0","3,375.0","3,210.0","3,305.0","-55.0","1,954,300","100","348,800","3,488.00","-","3,393.00","3,917.20","4,064.13","2,542,880","1,471,132","1,526,634"
"2025/04/08","3,300.0","3,455.0","3,285.0","3,360.0","+310.0","2,091,700","100","354,000","3,540.00","-","3,546.00","3,934.40","4,069.80","2,406,920","1,479,016","1,517,852"
"2025/04/07","2,810.0","3,165.0","2,810.0","3,050.0","-400.0","2,942,600","100","342,700","3,427.00","-","3,660.00","3,956.00","4,074.00","2,174,580","1,542,140","1,499,389"
"2025/04/04","3,590.0","3,595.0","3,245.0","3,450.0","-350.0","3,815,500","800","395,000","493.75","-","3,863.00","3,999.40","4,082.13","1,774,060","1,475,496","1,471,685"
"2025/04/03","3,800.0","3,930.0","3,730.0","3,800.0","-270.0","1,910,300","3,300","392,000","118.79","-","4,027.00","4,032.40","4,084.73","1,151,700","1,354,364","1,433,193"
"2025/04/02","3,935.0","4,110.0","3,810.0","4,070.0","+140.0","1,274,500","100","612,700","6,127.00","-","4,138.00","4,053.20","4,083.66","883,580","1,317,280","1,435,826"
"2025/04/01","4,080.0","4,130.0","3,910.0","3,930.0","-135.0","930,000","100","628,000","6,280.00","-","4,190.00","4,068.40","4,077.86","756,620","1,305,984","1,430,413"
"2025/03/31","4,090.0","4,140.0","4,005.0","4,065.0","-205.0","940,000","100","640,000","6,400.00","-","4,260.00","4,089.20","4,072.73","710,800","1,304,236","1,433,350"
"2025/03/28","4,375.0","4,460.0","4,270.0","4,270.0","-85.0","703,700","100","657,300","6,573.00","-","4,311.00","4,109.00","4,066.26","641,700","1,339,928","1,434,561"
"2025/03/27","4,305.0","4,400.0","4,285.0","4,355.0","+25.0","569,700","0","668,500","0.00","-","4,337.00","4,124.80","4,057.93","828,220","1,376,304","1,443,045"
"2025/03/26","4,345.0","4,370.0","4,270.0","4,330.0","+50.0","639,700","0","670,000","0.00","-","4,303.00","4,143.00","4,048.00","978,380","1,397,792","1,458,064"
"2025/03/25","4,390.0","4,390.0","4,240.0","4,280.0","-40.0","700,900","0","678,600","0.00","-","4,266.00","4,159.00","4,037.26","1,055,040","1,429,252","1,515,290"
"2025/03/24","4,330.0","4,380.0","4,300.0","4,320.0","-80.0","594,500","0","720,200","0.00","-","4,239.00","4,177.80","4,025.60","1,149,160","1,510,724","1,591,754"
"2025/03/21","4,170.0","4,450.0","4,130.0","4,400.0","+215.0","1,636,300","0","722,400","0.00","-","4,198.00","4,179.80","4,006.73","1,373,420","1,580,796","1,595,136"
"2025/03/19","4,180.0","4,290.0","4,105.0","4,185.0","+40.0","1,320,500","0","728,100","0.00","-","4,116.00","4,170.60","3,987.56","1,438,400","1,595,420","1,583,477"
"2025/03/18","4,175.0","4,180.0","4,080.0","4,145.0","0.0","1,023,000","0","734,200","0.00","-","4,012.00","4,171.40","3,972.02","1,478,780","1,806,604","1,579,517"
"2025/03/17","4,165.0","4,165.0","4,020.0","4,145.0","+30.0","1,171,500","0","732,600","0.00","-","3,896.00","4,184.20","3,957.36","1,663,460","1,966,408","1,581,780"
"2025/03/14","4,025.0","4,150.0","3,975.0","4,115.0","+125.0","1,715,800","0","748,000","0.00","-","3,807.00","4,219.20","3,941.50","1,604,520","2,000,552","1,578,357"
"2025/03/13","3,930.0","4,015.0","3,850.0","3,990.0","+325.0","1,961,200","0","752,300","0.00","-","3,739.00","4,245.20","3,925.01","1,498,480","1,967,984","1,567,001"
"2025/03/12","3,635.0","3,795.0","3,600.0","3,665.0","+100.0","1,522,400","0","795,600","0.00","-","3,730.00","4,271.20","3,910.88","1,411,300","1,926,776","1,554,072"
"2025/03/11","3,520.0","3,580.0","3,465.0","3,565.0","-135.0","1,946,400","0","767,900","0.00","-","3,740.00","4,308.20","3,900.62","1,472,040","1,933,020","1,545,762"
"2025/03/10","3,750.0","3,775.0","3,685.0","3,700.0","-75.0","876,800","0","778,000","0.00","-","3,774.00","4,356.00","3,891.45","1,513,040","2,044,708","1,533,985"
"2025/03/07","3,895.0","3,985.0","3,775.0","3,775.0","-170.0","1,185,600","0","768,000","0.00","-","3,814.00","4,381.80","3,879.90","2,071,640","2,109,700","1,535,956"
"2025/03/06","3,785.0","3,960.0","3,775.0","3,945.0","+230.0","1,525,300","0","740,600","0.00","-","3,886.00","4,399.60","3,867.42","2,089,820","2,134,140","1,539,616"
"2025/03/05","3,720.0","3,770.0","3,635.0","3,715.0","-20.0","1,826,100","0","728,100","0.00","-","3,952.00","4,406.60","3,853.25","1,942,200","2,137,244","1,542,388"
"2025/03/04","3,840.0","3,850.0","3,665.0","3,735.0","-165.0","2,151,400","0","735,200","0.00","-","4,073.00","4,415.00","3,841.52","1,773,620","2,106,612","1,541,442"
"2025/03/03","3,970.0","4,035.0","3,835.0","3,900.0","-235.0","3,669,800","0","775,400","0.00","-","4,216.00","4,420.60","3,829.01","1,541,760","2,071,396","1,555,810"
"2025/02/28","4,215.0","4,250.0","4,090.0","4,135.0","-140.0","1,276,500","0","696,400","0.00","-","4,326.00","4,419.40","3,815.21","985,060","1,949,732","1,539,836"
"2025/02/27","4,340.0","4,345.0","4,230.0","4,275.0","-45.0","787,200","0","689,700","0.00","-","4,411.00","4,409.80","3,796.44","1,096,220","1,924,292","1,540,050"
"2025/02/26","4,405.0","4,415.0","4,275.0","4,320.0","-130.0","983,200","0","693,300","0.00","-","4,489.00","4,396.20","3,773.94","1,261,400","1,926,588","1,539,481"
"2025/02/25","4,320.0","4,535.0","4,305.0","4,450.0","0.0","992,100","0","685,200","0.00","-","4,587.00","4,383.00","3,751.25","1,286,140","1,910,948","1,540,268"
"2025/02/21","4,515.0","4,560.0","4,400.0","4,450.0","-110.0","886,300","0","728,400","0.00","-","4,643.00","4,364.00","3,728.00","1,372,960","1,909,872","1,538,560"
"2025/02/20","4,595.0","4,620.0","4,440.0","4,560.0","-105.0","1,832,300","0","754,200","0.00","-","4,703.00","4,346.20","3,705.00","1,743,240","1,916,604","1,543,565"
"2025/02/19","4,900.0","4,965.0","4,655.0","4,665.0","-145.0","1,613,100","0","724,700","0.00","-","4,665.00","4,322.40","3,681.21","1,846,040","1,886,768","1,552,470"
"2025/02/18","4,800.0","4,860.0","4,670.0","4,810.0","+80.0","1,106,900","0","909,500","0.00","-","4,566.00","4,294.80","3,653.60","1,923,800","1,914,980","1,566,356"
"2025/02/17","4,735.0","4,760.0","4,535.0","4,730.0","-20.0","1,426,200","0","926,700","0.00","-","4,445.00","4,254.60","3,622.52","3,022,440","1,896,880","1,565,120"
"2025/02/14","4,435.0","4,785.0","4,435.0","4,750.0","+380.0","2,737,700","0","902,600","0.00","-","4,392.00","4,218.60","3,592.86","3,740,820","1,884,220","1,558,740"
"2025/02/13","4,190.0","4,430.0","4,160.0","4,370.0","+200.0","2,346,300","0","941,400","0.00","-","4,446.00","4,178.80","3,562.50","3,598,300","1,822,616","1,534,632"
"2025/02/12","4,090.0","4,170.0","3,980.0","4,170.0","-35.0","2,001,900","0","978,800","0.00","-","4,525.00","4,155.20","3,537.40","3,309,360","1,759,432","1,521,552"
"2025/02/10","3,905.0","4,210.0","3,905.0","4,205.0","-260.0","6,600,100","0","1,003,600","0.00","-","4,619.00","4,140.40","3,515.82","3,095,180","1,703,260","1,519,517"
"2025/02/07","5,080.0","5,140.0","4,345.0","4,465.0","-555.0","5,018,100","0","860,400","0.00","-","4,696.00","4,123.80","3,494.74","2,110,860","1,475,632","1,445,069"
"2025/02/06","4,835.0","5,020.0","4,805.0","5,020.0","+255.0","2,025,100","0","923,900","0.00","-","4,755.00","4,100.20","3,469.49","2,054,960","1,304,056","1,394,817"
"2025/02/05","4,685.0","4,795.0","4,625.0","4,765.0","+125.0","901,600","0","917,800","0.00","-","4,620.00","4,054.20","3,436.49","2,150,260","1,261,852","1,392,565"
"2025/02/04","4,710.0","4,715.0","4,600.0","4,640.0","+50.0","931,000","0","903,400","0.00","-","4,511.00","4,016.60","3,407.70","2,329,260","1,253,524","1,403,516"
"2025/02/03","4,600.0","4,740.0","4,555.0","4,590.0","-170.0","1,678,500","0","916,000","0.00","-","4,407.00","3,986.20","3,380.64","2,463,640","1,257,444","1,405,540"
"2025/01/31","4,600.0","4,880.0","4,500.0","4,760.0","+415.0","4,738,600","0","846,700","0.00","-","4,274.00","3,954.60","3,354.45","2,340,000","1,222,476","1,400,121"
"2025/01/30","4,300.0","4,435.0","4,235.0","4,345.0","+125.0","2,501,600","0","759,300","0.00","-","4,097.00","3,916.00","3,326.74","1,646,480","1,104,716","1,350,650"
"2025/01/29","4,075.0","4,270.0","4,060.0","4,220.0","+100.0","1,796,600","0","755,700","0.00","-","4,002.00","3,899.20","3,304.94","1,271,800","1,064,176","1,329,818"
"2025/01/28","3,945.0","4,150.0","3,885.0","4,120.0","+195.0","1,602,900","0","743,800","0.00","-","3,937.00","3,882.00","3,285.92","1,040,580","1,031,644","1,327,962"
"2025/01/27","3,900.0","4,035.0","3,880.0","3,925.0","+50.0","1,060,300","0","780,400","0.00","-","3,900.00","3,868.00","3,266.38","888,920","1,007,964","1,321,973"
"2025/01/24","3,875.0","4,020.0","3,845.0","3,875.0","+5.0","1,271,000","0","793,600","0.00","-","3,913.00","3,860.20","3,248.93","795,300","1,002,160","1,340,496"
"2025/01/23","3,895.0","3,905.0","3,830.0","3,870.0","-25.0","628,200","0","822,600","0.00","-","3,933.00","3,854.40","3,233.00","734,140","1,003,144","1,343,766"
"2025/01/22","3,960.0","3,960.0","3,870.0","3,895.0","-40.0","640,500","0","803,000","0.00","-","3,960.00","3,846.60","3,218.14","819,420","1,006,296","1,359,014"
"2025/01/21","4,015.0","4,015.0","3,870.0","3,935.0","-55.0","844,600","0","775,400","0.00","-","3,974.00","3,837.20","3,201.98","908,600","1,015,268","1,393,070"
"2025/01/20","4,020.0","4,055.0","3,965.0","3,990.0","+15.0","592,200","0","716,300","0.00","-","3,982.00","3,825.60","3,184.37","1,203,360","1,018,628","1,402,654"
"2025/01/17","3,955.0","3,990.0","3,850.0","3,975.0","-30.0","965,200","0","380,500","0.00","-","3,945.00","3,814.80","3,166.96","1,215,800","1,079,252","1,412,845"
"2025/01/16","4,050.0","4,125.0","3,975.0","4,005.0","+40.0","1,054,600","0","372,300","0.00","-","3,916.00","3,801.20","3,149.33","1,244,700","1,075,384","1,430,412"
"2025/01/15","3,950.0","4,035.0","3,930.0","3,965.0","-10.0","1,086,400","0","367,000","0.00","-","3,866.00","3,782.80","3,133.97","1,273,300","1,079,212","1,430,566"
"2025/01/14","3,890.0","4,085.0","3,890.0","3,975.0","+170.0","2,318,400","0","344,800","0.00","-","3,829.00","3,767.40","3,120.14","1,209,360","1,076,988","1,439,849"
"2025/01/10","3,800.0","3,895.0","3,775.0","3,805.0","-25.0","654,400","0","395,200","0.00","-","3,794.00","3,754.20","3,105.20","865,200","1,037,852","1,421,489"
"2025/01/09","3,740.0","3,895.0","3,720.0","3,830.0","+75.0","1,109,700","0","392,200","0.00","-","3,791.00","3,746.40","3,092.53","916,200","1,079,520","1,425,198"
"2025/01/08","3,760.0","3,840.0","3,725.0","3,755.0","-25.0","1,197,600","0","434,200","0.00","-","3,800.00","3,734.20","3,079.12","840,000","1,232,400","1,432,308"
"2025/01/07","3,770.0","3,815.0","3,740.0","3,780.0","-20.0","766,700","0","760,900","0.00","-","3,823.00","3,720.20","3,068.17","794,480","1,441,924","1,430,057"
"2025/01/06","3,830.0","3,865.0","3,765.0","3,800.0","+10.0","597,600","0","761,800","0.00","-","3,832.00","3,685.20","3,058.57","779,820","1,445,180","1,431,978"
"2024/12/30","3,835.0","3,890.0","3,765.0","3,790.0","-85.0","909,400","0","769,100","0.00","-","3,848.00","3,651.68","3,047.74","866,100","1,451,752","1,440,944"
"2024/12/27","3,930.0","3,990.0","3,850.0","3,875.0","+5.0","728,700","0","745,500","0.00","-","3,850.00","3,620.88","3,037.61","845,080","1,456,316","1,440,398"
"2024/12/26","3,825.0","3,910.0","3,775.0","3,870.0","+45.0","970,000","0","724,200","0.00","-","3,834.00","3,587.68","3,024.82","1,058,260","1,474,876","1,447,422"
"2024/12/25","3,850.0","3,855.0","3,775.0","3,825.0","-55.0","693,400","0","748,100","0.00","-","3,845.00","3,551.12","3,013.05","1,161,880","1,472,668","1,447,202"
"2024/12/24","3,920.0","3,935.0","3,820.0","3,880.0","+80.0","1,029,000","0","716,300","0.00","-","3,838.00","3,513.24","3,002.85","1,219,860","1,479,496","1,454,422"
"2024/12/23","3,765.0","3,805.0","3,750.0","3,800.0","+5.0","804,300","0","747,300","0.00","-","3,816.00","3,475.24","2,992.12","1,216,240","1,477,996","1,469,056"
"2024/12/20","3,800.0","3,815.0","3,650.0","3,795.0","-130.0","1,794,600","0","750,900","0.00","-","3,802.00","3,439.08","2,986.12","1,238,420","1,481,792","1,494,425"
"2024/12/19","3,745.0","3,960.0","3,725.0","3,925.0","+135.0","1,488,100","0","700,500","0.00","-","3,789.00","3,402.36","2,976.92","1,138,620","1,452,532","1,480,389"
"2024/12/18","3,700.0","3,860.0","3,680.0","3,790.0","+20.0","983,300","0","747,200","0.00","-","3,739.00","3,358.72","2,965.98","982,400","1,433,992","1,470,105"
"2024/12/17","3,800.0","3,860.0","3,735.0","3,770.0","+40.0","1,010,900","0","767,600","0.00","-","3,713.00","3,320.68","2,957.12","958,700","1,453,064","1,464,401"
"2024/12/16","3,730.0","3,765.0","3,650.0","3,730.0","0.0","915,200","0","762,900","0.00","-","3,688.00","3,285.16","2,947.58","942,240","1,481,956","1,468,221"
"2024/12/13","3,670.0","3,825.0","3,660.0","3,730.0","+55.0","1,295,600","0","756,700","0.00","-","3,686.00","3,249.36","2,938.78","1,180,760","1,515,556","1,475,042"
"2024/12/12","3,685.0","3,710.0","3,625.0","3,675.0","+15.0","707,000","0","759,000","0.00","-","3,667.00","3,212.04","2,927.92","1,095,340","1,592,892","1,474,326"
"2024/12/11","3,635.0","3,720.0","3,610.0","3,660.0","+15.0","864,800","0","747,800","0.00","-","3,641.00","3,179.64","2,919.32","1,184,000","1,663,480","1,483,133"
"2024/12/10","3,655.0","3,735.0","3,625.0","3,645.0","-75.0","928,600","0","721,900","0.00","-","3,625.00","3,142.32","2,910.37","1,217,200","1,680,592","1,489,146"
"2024/12/09","3,770.0","3,890.0","3,680.0","3,720.0","+85.0","2,107,800","0","408,800","0.00","-","3,625.00","3,100.04","2,901.62","1,299,480","1,673,228","1,487,385"
"2024/12/06","3,520.0","3,670.0","3,485.0","3,635.0","+90.0","868,500","0","658,100","0.00","-","3,603.00","3,055.96","2,891.66","1,217,140","1,630,604","1,474,573"
"2024/12/05","3,650.0","3,655.0","3,475.0","3,545.0","-35.0","1,150,300","0","653,800","0.00","-","3,581.00","3,018.80","2,882.33","2,029,780","1,630,424","1,485,944"
"2024/12/04","3,605.0","3,630.0","3,540.0","3,580.0","-65.0","1,030,800","0","684,700","0.00","-","3,553.00","2,986.00","2,874.80","3,086,860","1,634,880","1,526,612"
"2024/12/03","3,600.0","3,690.0","3,575.0","3,645.0","+35.0","1,340,000","0","439,600","0.00","-","3,418.00","2,953.84","2,863.48","3,050,320","1,693,656","1,545,422"
"2024/12/02","3,520.0","3,615.0","3,475.0","3,610.0","+85.0","1,696,100","0","418,300","0.00","-","3,281.40","2,911.80","2,849.12","2,934,700","1,746,236","1,551,270"
"2024/11/29","3,615.0","3,620.0","3,415.0","3,525.0","+120.0","4,931,700","0","430,100","0.00","-","3,163.40","2,866.56","2,834.73","2,800,180","1,718,960","1,547,881"
"2024/11/28","3,100.0","3,405.0","3,050.0","3,405.0","+500.0","6,435,700","0","354,100","0.00","-","3,067.40","2,825.80","2,819.69","2,052,380","1,559,600","1,503,598"
"2024/11/27","2,925.0","2,959.0","2,895.0","2,905.0","-57.0","848,100","0","427,200","0.00","-","2,977.60","2,788.52","2,805.34","948,200","1,339,356","1,446,964"
"2024/11/26","3,000.0","3,030.0","2,931.0","2,962.0","-58.0","761,900","0","418,700","0.00","-","2,972.20","2,771.80","2,797.65","951,400","1,360,044","1,498,349"
"2024/11/25","3,065.0","3,095.0","3,005.0","3,020.0","-25.0","1,023,500","0","437,800","0.00","-","2,965.80","2,755.40","2,787.88","997,320","1,403,540","1,563,650"
"2024/11/22","2,981.0","3,065.0","2,975.0","3,045.0","+89.0","1,192,700","0","430,900","0.00","-","2,941.00","2,739.56","2,777.54","972,460","1,403,260","1,628,190"
"2024/11/21","2,870.0","2,959.0","2,868.0","2,956.0","+78.0","914,800","0","732,400","0.00","-","2,907.40","2,720.60","2,773.54","946,540","1,405,520","1,684,286"
"2024/11/20","2,937.0","2,938.0","2,858.0","2,878.0","-52.0","864,100","0","783,100","0.00","-","2,883.00","2,704.16","2,777.26","968,500","1,443,176","1,740,625"
"2024/11/19","2,900.0","2,934.0","2,860.0","2,930.0","+34.0","991,500","0","755,200","0.00","-","2,875.20","2,693.28","2,777.34","1,087,700","1,477,528","1,781,182"
"2024/11/18","2,901.0","2,944.0","2,873.0","2,896.0","+19.0","899,200","0","473,800","0.00","-","2,865.60","2,680.48","2,773.62","1,236,040","1,481,180","1,814,786"
"2024/11/15","2,865.0","2,925.0","2,856.0","2,877.0","+43.0","1,063,100","0","496,200","0.00","-","2,853.40","2,669.68","2,773.64","1,407,240","1,496,096","1,820,257"
"2024/11/14","2,828.0","2,863.0","2,798.0","2,834.0","-5.0","1,024,600","0","520,600","0.00","-","2,837.40","2,661.88","2,773.60","1,840,420","1,494,704","1,818,058"
"2024/11/13","2,860.0","2,890.0","2,793.0","2,839.0","-43.0","1,460,100","0","524,500","0.00","-","2,843.60","2,656.92","2,773.61","2,129,840","1,491,288","1,816,546"
"2024/11/12","2,928.0","3,010.0","2,863.0","2,882.0","+47.0","1,733,200","0","541,000","0.00","-","2,821.20","2,655.08","2,774.98","2,096,340","1,499,180","1,808,009"
"2024/11/11","2,827.0","2,936.0","2,790.0","2,835.0","+38.0","1,755,200","0","578,900","0.00","-","2,762.40","2,646.00","2,776.44","1,898,600","1,476,000","1,798,182"
"2024/11/08","2,852.0","2,990.0","2,794.0","2,797.0","-68.0","3,229,000","0","611,200","0.00","-","2,719.00","2,637.24","2,778.60","1,756,000","1,503,772","1,781,140"
"2024/11/07","2,827.0","2,870.0","2,785.0","2,865.0","+138.0","2,471,700","0","603,600","0.00","-","2,700.80","2,632.56","2,781.37","1,283,000","1,435,264","1,752,148"
"2024/11/06","2,626.0","2,727.0","2,608.0","2,727.0","+139.0","1,292,600","0","632,700","0.00","-","2,672.80","2,628.20","2,783.70","1,041,000","1,407,268","1,730,444"
"2024/11/05","2,632.0","2,642.0","2,575.0","2,588.0","-30.0","744,500","0","675,800","0.00","-","2,682.60","2,626.44","2,788.94","1,282,520","1,483,352","1,722,045"
"2024/11/01","2,660.0","2,695.0","2,604.0","2,618.0","-88.0","1,042,200","0","689,800","0.00","-","2,683.80","2,627.48","2,796.04","1,664,520","1,516,108","1,723,900"
"2024/10/31","2,725.0","2,755.0","2,675.0","2,706.0","-19.0","864,000","0","918,000","0.00","-","2,656.00","2,630.12","2,801.20","1,658,920","1,528,680","1,722,596"
"2024/10/30","2,735.0","2,735.0","2,681.0","2,725.0","-51.0","1,261,700","0","660,400","0.00","-","2,616.00","2,628.00","2,804.73","1,675,660","1,585,428","1,719,446"
"2024/10/29","2,594.0","2,798.0","2,578.0","2,776.0","+182.0","2,500,200","0","610,800","0.00","-","2,565.60","2,633.12","2,808.13","1,609,240","1,577,608","1,717,652"
"2024/10/28","2,544.0","2,628.0","2,530.0","2,594.0","+115.0","2,654,500","0","692,400","0.00","-","2,507.80","2,639.20","2,810.02","1,382,260","1,548,904","1,694,336"
"2024/10/25","2,495.0","2,498.0","2,433.0","2,479.0","-27.0","1,014,200","0","719,800","0.00","-","2,499.40","2,649.60","2,814.61","1,221,220","1,480,380","1,670,410"
"2024/10/24","2,461.0","2,526.0","2,444.0","2,506.0","+33.0","947,700","0","718,100","0.00","-","2,528.40","2,664.64","2,821.02","1,221,680","1,477,116","1,667,370"
"2024/10/23","2,449.0","2,510.0","2,444.0","2,473.0","-14.0","929,600","0","743,300","0.00","-","2,541.40","2,677.36","2,827.88","1,281,980","1,504,924","1,673,090"
"2024/10/22","2,547.0","2,547.0","2,446.0","2,487.0","-65.0","1,365,300","0","776,300","0.00","-","2,555.80","2,695.80","2,834.37","1,467,300","1,508,892","1,676,402"
"2024/10/21","2,590.0","2,619.0","2,492.0","2,552.0","-72.0","1,849,300","0","769,300","0.00","-","2,579.60","2,718.72","2,841.34","1,538,820","1,490,712","1,673,800"
"2024/10/18","2,605.0","2,664.0","2,597.0","2,624.0","+53.0","1,016,500","0","638,000","0.00","-","2,591.20","2,736.16","2,847.26","1,385,520","1,467,540","1,667,030"
"2024/10/17","2,551.0","2,622.0","2,540.0","2,571.0","+26.0","1,249,200","0","660,600","0.00","-","2,591.60","2,752.40","2,853.01","1,436,640","1,461,620","1,670,060"
"2024/10/16","2,565.0","2,619.0","2,523.0","2,545.0","-61.0","1,856,200","0","686,100","0.00","-","2,613.80","2,766.20","2,858.36","1,392,460","1,461,872","1,678,498"
"2024/10/15","2,645.0","2,687.0","2,587.0","2,606.0","-4.0","1,722,900","0","629,100","0.00","-","2,646.80","2,783.88","2,863.05","1,209,060","1,425,764","1,671,046"
"2024/10/11","2,648.0","2,661.0","2,607.0","2,610.0","-16.0","1,082,800","0","623,400","0.00","-","2,684.20","2,802.04","2,867.50","1,195,960","1,406,244","1,667,729"
"2024/10/10","2,700.0","2,726.0","2,616.0","2,626.0","-56.0","1,272,100","0","887,600","0.00","-","2,693.20","2,820.64","2,871.52","1,210,140","1,447,992","1,672,418"
"2024/10/09","2,760.0","2,763.0","2,668.0","2,682.0","-28.0","1,028,300","0","882,300","0.00","-","2,691.20","2,849.60","2,875.98","1,445,620","1,505,388","1,679,368"
"2024/10/08","2,783.0","2,790.0","2,701.0","2,710.0","-83.0","939,200","0","900,500","0.00","-","2,690.80","2,866.52","2,878.40","1,543,220","1,493,932","1,683,989"
"2024/10/07","2,720.0","2,837.0","2,702.0","2,793.0","+138.0","1,657,400","0","543,100","0.00","-","2,700.00","2,882.32","2,879.40","1,709,740","1,485,036","1,682,442"
"2024/10/04","2,666.0","2,682.0","2,621.0","2,655.0","+39.0","1,153,700","0","574,500","0.00","-","2,678.00","2,895.60","2,879.09","2,017,200","1,440,960","1,668,328"
"2024/10/03","2,653.0","2,675.0","2,575.0","2,616.0","-64.0","2,449,500","0","623,100","0.00","-","2,669.80","2,911.60","2,880.06","2,099,140","1,446,708","1,663,628"
"2024/10/02","2,690.0","2,750.0","2,658.0","2,680.0","-76.0","1,516,300","0","557,100","0.00","-","2,683.40","2,929.76","2,881.94","1,880,540","1,405,800","1,654,765"
"2024/10/01","2,730.0","2,803.0","2,699.0","2,756.0","+73.0","1,771,800","0","516,000","0.00","-","2,678.00","2,939.16","2,884.00","2,033,820","1,394,824","1,646,521"
"2024/09/30","2,749.0","2,773.0","2,640.0","2,683.0","+69.0","3,194,700","0","594,500","0.00","-","2,697.40","2,950.12","2,885.49","1,892,700","1,378,652","1,634,305"
"2024/09/27","2,651.0","2,695.0","2,610.0","2,614.0","-70.0","1,563,400","0","575,500","0.00","-","2,746.40","2,962.36","2,888.28","1,610,280","1,303,496","1,605,073"
"2024/09/26","2,670.0","2,697.0","2,640.0","2,684.0","+31.0","1,356,500","0","564,700","0.00","-","2,794.40","2,977.36","2,892.57","1,485,880","1,272,820","1,597,432"
"2024/09/25","2,753.0","2,769.0","2,645.0","2,653.0","-200.0","2,282,700","0","570,500","0.00","-","2,828.60","2,988.92","2,895.34","1,401,100","1,264,436","1,595,030"
"2024/09/24","2,920.0","2,933.0","2,844.0","2,853.0","-75.0","1,066,200","0","395,600","0.00","-","2,862.80","3,000.20","2,897.57","1,273,140","1,241,980","1,584,934"
"2024/09/20","2,927.0","2,975.0","2,878.0","2,928.0","+74.0","1,782,600","0","431,200","0.00","-","2,879.00","3,005.28","2,897.14","1,265,660","1,367,348","1,613,612"
"2024/09/19","2,924.0","2,936.0","2,854.0","2,854.0","-1.0","941,400","0","483,200","0.00","-","2,905.40","2,997.40","2,898.84","1,091,300","1,393,708","1,610,725"
"2024/09/18","2,874.0","2,939.0","2,836.0","2,855.0","+31.0","932,600","0","453,400","0.00","-","2,932.20","2,985.96","2,902.58","1,157,020","1,427,196","1,617,906"
"2024/09/17","2,930.0","2,961.0","2,772.0","2,824.0","-110.0","1,642,900","0","503,600","0.00","-","2,967.20","2,973.00","2,904.40","1,144,200","1,447,568","1,623,552"
"2024/09/13","3,060.0","3,085.0","2,934.0","2,934.0","-126.0","1,028,800","0","436,200","0.00","-","2,985.60","2,955.92","2,906.24","1,066,720","1,446,272","1,635,785"
"2024/09/12","3,050.0","3,120.0","3,045.0","3,060.0","+72.0","910,800","0","321,500","0.00","-","2,996.20","2,931.72","2,905.92","1,051,660","1,492,644","1,642,256"
"2024/09/11","3,040.0","3,065.0","2,950.0","2,988.0","-42.0","1,270,000","0","329,700","0.00","-","2,996.20","2,902.44","2,903.32","1,116,480","1,644,292","1,657,745"
"2024/09/10","3,000.0","3,060.0","2,987.0","3,030.0","+114.0","868,500","0","351,400","0.00","-","3,013.60","2,872.08","2,900.72","1,287,780","1,819,872","1,658,820"
"2024/09/09","2,867.0","2,941.0","2,845.0","2,916.0","-71.0","1,255,500","0","398,300","0.00","-","3,077.60","2,840.68","2,896.01","1,655,480","2,019,692","1,657,634"
"2024/09/06","3,080.0","3,095.0","2,973.0","2,987.0","-73.0","953,500","0","341,600","0.00","-","3,115.40","2,833.84","2,893.06","1,552,760","2,185,468","1,652,056"
"2024/09/05","3,005.0","3,115.0","2,995.0","3,060.0","-15.0","1,234,900","0","573,100","0.00","-","3,139.00","2,843.76","2,888.56","1,505,420","2,352,936","1,648,990"
"2024/09/04","3,210.0","3,250.0","3,045.0","3,075.0","-275.0","2,126,500","0","592,900","0.00","-","3,152.00","2,836.72","2,883.40","1,369,540","2,459,776","1,641,902"
"2024/09/03","3,175.0","3,380.0","3,165.0","3,350.0","+245.0","2,707,000","0","493,100","0.00","-","3,148.00","2,819.76","2,878.16","1,203,720","2,515,188","1,634,136"
"2024/09/02","3,125.0","3,150.0","3,050.0","3,105.0","0.0","741,900","0","528,900","0.00","-","3,092.00","2,801.64","2,868.68","947,680","2,459,288","1,621,010"
"2024/08/30","3,110.0","3,165.0","3,050.0","3,105.0","-20.0","716,800","0","552,800","0.00","-","3,054.00","2,792.40","2,860.41","1,047,680","2,465,540","1,629,773"
"2024/08/29","3,070.0","3,140.0","3,055.0","3,125.0","+70.0","555,500","0","527,300","0.00","-","3,039.00","2,781.60","2,852.54","1,177,820","2,473,316","1,634,164"
"2024/08/28","3,070.0","3,205.0","3,040.0","3,055.0","-15.0","1,297,400","0","501,400","0.00","-","3,011.80","2,774.28","2,844.56","1,329,880","2,483,888","1,648,222"
"2024/08/27","2,915.0","3,070.0","2,874.0","3,070.0","+155.0","1,426,800","0","488,900","0.00","-","2,998.60","2,771.72","2,837.74","1,229,700","2,471,840","1,669,921"
"2024/08/26","3,015.0","3,035.0","2,889.0","2,915.0","-115.0","1,241,900","0","571,400","0.00","-","2,979.20","2,768.80","2,828.50","1,173,720","2,433,848","1,669,353"
"2024/08/23","2,990.0","3,080.0","2,940.0","3,030.0","+41.0","1,367,500","0","484,600","0.00","-","2,983.20","2,772.40","2,820.94","1,269,600","2,426,356","1,659,886"
"2024/08/22","2,971.0","2,989.0","2,886.0","2,989.0","0.0","1,315,800","0","492,500","0.00","-","2,973.20","2,772.80","2,811.44","1,836,180","2,405,412","1,651,560"
"2024/08/21","2,943.0","2,989.0","2,915.0","2,989.0","+16.0","796,500","0","366,100","0.00","-","2,921.60","2,778.04","2,802.36","2,061,340","2,379,288","1,656,425"
"2024/08/20","2,999.0","2,999.0","2,912.0","2,973.0","+38.0","1,146,900","0","382,400","0.00","-","2,837.40","2,783.28","2,793.80","2,257,760","2,382,772","1,659,622"
"2024/08/19","2,930.0","3,025.0","2,906.0","2,935.0","-45.0","1,721,300","0","386,200","0.00","-","2,749.00","2,784.56","2,785.89","2,316,760","2,374,672","1,652,622"
"2024/08/16","2,840.0","2,996.0","2,778.0","2,980.0","+249.0","4,200,400","0","461,000","0.00","-","2,641.40","2,786.00","2,778.33","2,294,600","2,330,932","1,642,093"
"2024/08/15","2,609.0","2,780.0","2,583.0","2,731.0","+163.0","2,441,600","0","464,300","0.00","-","2,511.20","2,786.00","2,770.25","1,892,140","2,208,000","1,599,814"
"2024/08/14","2,500.0","2,623.0","2,500.0","2,568.0","+37.0","1,778,600","0","454,800","0.00","-","2,430.60","2,793.48","2,765.05","2,344,220","2,140,396","1,579,401"
"2024/08/13","2,451.0","2,562.0","2,440.0","2,531.0","+134.0","1,441,900","0","472,700","0.00","-","2,362.80","2,808.28","2,762.70","3,120,400","2,103,656","1,566,985"
"2024/08/09","2,360.0","2,438.0","2,331.0","2,397.0","+68.0","1,610,500","0","475,500","0.00","-","2,305.60","2,825.44","2,761.02","4,004,820","2,077,428","1,563,625"
"2024/08/08","2,290.0","2,442.0","2,277.0","2,329.0","+1.0","2,188,100","0","493,400","0.00","-","2,375.20","2,850.36","2,761.26","4,762,700","2,068,076","1,570,713"
"2024/08/07","2,260.0","2,414.0","2,207.0","2,328.0","+99.0","4,702,000","0","485,300","0.00","-","2,556.40","2,875.60","2,763.04","5,353,120","2,027,672","1,572,422"
"2024/08/06","2,407.0","2,425.0","2,135.0","2,229.0","-16.0","5,659,500","0","497,000","0.00","-","2,667.60","2,902.88","2,765.21","5,193,900","1,886,396","1,549,088"
"2024/08/05","2,370.0","2,514.0","2,245.0","2,245.0","-500.0","5,864,000","0","558,600","0.00","-","2,752.00","2,933.56","2,766.29","4,764,360","1,713,680","1,488,833"
"2024/08/02","3,025.0","3,030.0","2,717.0","2,745.0","-490.0","5,399,900","0","700,500","0.00","-","2,882.40","2,965.96","2,768.13","3,853,460","1,528,868","1,427,338"
"2024/08/01","2,950.0","3,235.0","2,935.0","3,235.0","+351.0","5,140,200","0","612,800","0.00","-","2,908.20","2,975.04","2,764.64","2,953,120","1,388,156","1,368,549"
"2024/07/31","2,701.0","2,888.0","2,670.0","2,884.0","+233.0","3,905,900","0","840,200","0.00","-","2,828.20","2,961.52","2,754.58","2,107,320","1,234,440","1,314,561"
"2024/07/30","2,724.0","2,782.0","2,623.0","2,651.0","-246.0","3,511,800","0","781,500","0.00","-","2,839.80","2,963.76","2,748.54","1,490,100","1,137,168","1,287,732"
"2024/07/29","2,894.0","2,938.0","2,812.0","2,897.0","+23.0","1,309,500","0","605,100","0.00","-","2,907.80","2,974.16","2,743.77","986,980","1,054,076","1,250,722"
"2024/07/26","2,800.0","2,922.0","2,790.0","2,874.0","+39.0","898,200","0","541,500","0.00","-","2,927.80","2,976.72","2,736.14","820,480","1,073,428","1,247,361"
"2024/07/25","2,892.0","2,918.0","2,831.0","2,835.0","-107.0","911,200","0","546,300","0.00","-","2,954.00","2,976.28","2,728.74","851,760","1,092,496","1,250,268"
"2024/07/24","2,990.0","3,030.0","2,942.0","2,942.0","-49.0","819,800","0","561,700","0.00","-","2,995.00","2,974.28","2,720.97","838,300","1,088,976","1,256,528"
"2024/07/23","2,984.0","3,050.0","2,984.0","2,991.0","-6.0","996,200","0","547,900","0.00","-","3,030.60","2,967.40","2,712.25","806,880","1,080,136","1,269,188"
"2024/07/22","3,000.0","3,020.0","2,961.0","2,997.0","-8.0","477,000","0","521,700","0.00","-","3,056.40","2,956.88","2,701.56","784,360","1,072,336","1,284,701"
"2024/07/19","3,030.0","3,040.0","2,951.0","3,005.0","-35.0","1,054,600","0","531,300","0.00","-","3,058.00","2,947.28","2,691.57","877,840","1,124,648","1,305,701"
"2024/07/18","3,100.0","3,125.0","3,040.0","3,040.0","-80.0","843,900","0","512,700","0.00","-","3,051.20","2,940.44","2,681.65","792,480","1,118,384","1,316,628"
"2024/07/17","3,150.0","3,175.0","3,085.0","3,120.0","0.0","662,700","0","474,300","0.00","-","3,039.20","2,933.56","2,672.20","849,120","1,118,852","1,332,557"
"2024/07/16","3,020.0","3,120.0","3,020.0","3,120.0","+115.0","883,600","0","492,900","0.00","-","2,998.80","2,924.44","2,659.94","866,880","1,132,436","1,335,934"
"2024/07/12","2,940.0","3,005.0","2,927.0","3,005.0","+34.0","944,400","0","475,600","0.00","-","2,962.40","2,917.08","2,647.58","862,180","1,136,704","1,339,684"
"2024/07/11","3,000.0","3,035.0","2,949.0","2,971.0","-9.0","627,800","0","509,300","0.00","-","2,953.40","2,912.56","2,636.77","830,540","1,145,984","1,345,256"
"2024/07/10","2,929.0","3,015.0","2,929.0","2,980.0","+62.0","1,127,100","0","553,900","0.00","-","2,963.20","2,906.52","2,626.98","980,320","1,181,892","1,355,500"
"2024/07/09","2,945.0","2,958.0","2,887.0","2,918.0","-20.0","751,500","0","667,900","0.00","-","2,959.20","2,900.16","2,617.40","990,500","1,265,488","1,368,238"
"2024/07/08","2,978.0","2,991.0","2,912.0","2,938.0","-22.0","860,100","0","665,600","0.00","-","2,977.60","2,905.64","2,607.02","1,074,220","1,298,072","1,384,045"
"2024/07/05","3,025.0","3,055.0","2,960.0","2,960.0","-60.0","786,200","0","698,600","0.00","-","2,989.20","2,913.52","2,596.44","1,170,520","1,322,868","1,410,957"
"2024/07/04","2,950.0","3,040.0","2,948.0","3,020.0","+60.0","1,376,700","0","671,500","0.00","-","3,008.20","2,914.76","2,584.52","1,262,020","1,345,660","1,412,470"
"2024/07/03","2,987.0","3,005.0","2,922.0","2,960.0","-50.0","1,178,000","0","763,200","0.00","-","2,998.60","2,912.44","2,571.49","1,363,100","1,393,008","1,410,906"
"2024/07/02","2,980.0","3,010.0","2,946.0","3,010.0","+14.0","1,170,100","0","707,300","0.00","-","2,986.00","2,910.44","2,559.89","1,386,960","1,406,452","1,405,394"
"2024/07/01","3,090.0","3,095.0","2,970.0","2,996.0","-59.0","1,341,600","0","677,200","0.00","-","2,972.00","2,904.64","2,547.14","1,447,760","1,442,548","1,401,289"
"2024/06/28","2,950.0","3,065.0","2,945.0","3,055.0","+83.0","1,243,700","0","970,900","0.00","-","2,955.00","2,896.52","2,534.16","1,466,340","1,442,908","1,399,374"
"2024/06/27","2,938.0","3,015.0","2,927.0","2,972.0","+75.0","1,882,100","0","994,500","0.00","-","2,936.20","2,881.40","2,520.88","1,576,260","1,424,344","1,405,220"
"2024/06/26","2,901.0","2,921.0","2,867.0","2,897.0","-43.0","1,297,300","0","1,085,100","0.00","-","2,914.40","2,870.32","2,508.92","1,474,820","1,382,544","1,400,573"
"2024/06/25","2,929.0","3,020.0","2,925.0","2,940.0","+29.0","1,474,100","0","683,600","0.00","-","2,892.00","2,860.40","2,498.57","1,380,000","1,359,596","1,405,769"
"2024/06/24","2,970.0","2,980.0","2,877.0","2,911.0","-50.0","1,434,500","0","712,900","0.00","-","2,858.00","2,849.72","2,487.92","1,204,940","1,328,764","1,406,264"
"2024/06/21","2,909.0","2,989.0","2,869.0","2,961.0","+98.0","1,793,300","0","646,400","0.00","-","2,821.40","2,840.56","2,476.84","1,078,280","1,333,144","1,410,453"
"2024/06/20","2,820.0","2,906.0","2,805.0","2,863.0","+78.0","1,374,900","0","652,600","0.00","-","2,780.60","2,827.68","2,463.89","1,076,580","1,330,316","1,409,114"
"2024/06/19","2,779.0","2,839.0","2,762.0","2,785.0","+15.0","823,200","0","991,200","0.00","-","2,774.80","2,812.56","2,452.12","981,200","1,331,284","1,402,021"
"2024/06/18","2,726.0","2,772.0","2,704.0","2,770.0","+42.0","598,800","0","969,900","0.00","-","2,791.40","2,801.76","2,440.97","987,680","1,340,200","1,402,690"
"2024/06/17","2,716.0","2,754.0","2,701.0","2,728.0","-29.0","801,200","0","986,200","0.00","-","2,815.80","2,792.00","2,429.77","1,068,380","1,380,644","1,408,810"
"2024/06/14","2,812.0","2,861.0","2,708.0","2,757.0","-77.0","1,784,800","0","1,013,900","0.00","-","2,857.40","2,784.64","2,419.08","1,106,200","1,465,588","1,412,566"
"2024/06/13","2,890.0","2,894.0","2,815.0","2,834.0","-34.0","898,000","0","981,800","0.00","-","2,884.40","2,769.44","2,407.56","984,520","1,449,564","1,413,845"
"2024/06/12","2,825.0","2,914.0","2,810.0","2,868.0","-24.0","855,600","0","648,900","0.00","-","2,881.60","2,750.00","2,394.17","1,110,020","1,434,920","1,420,457"
"2024/06/11","2,951.0","2,960.0","2,871.0","2,892.0","-44.0","1,002,300","0","648,200","0.00","-","2,872.20","2,727.96","2,379.86","1,582,300","1,430,416","1,421,093"
"2024/06/10","2,919.0","2,985.0","2,898.0","2,936.0","+44.0","990,300","0","647,200","0.00","-","2,904.80","2,704.60","2,364.57","1,695,060","1,457,552","1,419,218"
"2024/06/07","2,840.0","2,927.0","2,828.0","2,892.0","+72.0","1,176,400","0","628,000","0.00","-","2,944.60","2,681.04","2,349.42","1,793,000","1,459,392","1,424,477"
"2024/06/06","2,849.0","2,870.0","2,793.0","2,820.0","-1.0","1,525,500","0","659,500","0.00","-","2,964.40","2,660.56","2,334.26","1,828,920","1,437,212","1,422,024"
"2024/06/05","2,995.0","3,020.0","2,784.0","2,821.0","-234.0","3,217,000","0","630,500","0.00","-","2,992.80","2,642.48","2,319.72","2,035,900","1,413,456","1,417,677"
"2024/06/04","3,115.0","3,175.0","3,020.0","3,055.0","-80.0","1,566,100","0","598,600","0.00","-","3,010.60","2,624.60","2,305.25","1,695,320","1,325,956","1,394,897"
"2024/06/03","3,000.0","3,135.0","2,998.0","3,135.0","+144.0","1,480,000","0","617,600","0.00","-","2,972.60","2,596.04","2,286.68","1,796,600","1,299,736","1,392,493"
"2024/05/31","2,965.0","2,992.0","2,921.0","2,991.0","+29.0","1,356,000","0","562,000","0.00","-","2,904.20","2,566.32","2,267.29","1,770,720","1,274,432","1,385,625"
"2024/05/30","2,860.0","3,035.0","2,845.0","2,962.0","+52.0","2,560,400","0","545,800","0.00","-","2,841.40","2,542.88","2,249.97","1,655,440","1,267,788","1,380,605"
"2024/05/29","2,900.0","2,952.0","2,868.0","2,910.0","+45.0","1,514,100","0","488,900","0.00","-","2,788.00","2,521.00","2,233.41","1,310,780","1,251,056","1,355,329"
"2024/05/28","2,834.0","2,929.0","2,818.0","2,865.0","+72.0","2,072,500","0","485,100","0.00","-","2,735.80","2,503.08","2,217.48","1,152,680","1,283,144","1,349,344"
"2024/05/27","2,676.0","2,804.0","2,675.0","2,793.0","+116.0","1,350,600","0","439,700","0.00","-","2,697.40","2,488.12","2,202.49","878,840","1,318,320","1,356,521"
"2024/05/24","2,649.0","2,718.0","2,648.0","2,677.0","-18.0","779,600","0","476,300","0.00","-","2,675.20","2,468.80","2,188.08","917,520","1,309,912","1,372,449"
"2024/05/23","2,652.0","2,698.0","2,604.0","2,695.0","+46.0","837,100","0","414,000","0.00","-","2,667.60","2,457.04","2,175.25","1,106,120","1,328,804","1,382,630"
"2024/05/22","2,664.0","2,734.0","2,626.0","2,649.0","-24.0","723,600","0","398,100","0.00","-","2,625.60","2,448.56","2,162.01","1,218,520","1,334,948","1,402,761"
"2024/05/21","2,693.0","2,728.0","2,668.0","2,673.0","-9.0","703,300","0","396,000","0.00","-","2,598.80","2,441.84","2,149.10","1,283,020","1,349,648","1,459,801"
"2024/05/20","2,678.0","2,768.0","2,678.0","2,682.0","+43.0","1,544,000","0","407,500","0.00","-","2,569.40","2,432.16","2,134.93","1,464,340","1,397,264","1,475,768"
"2024/05/17","2,505.0","2,661.0","2,497.0","2,639.0","+154.0","1,722,600","0","337,800","0.00","-","2,541.80","2,416.60","2,120.45","1,740,500","1,364,948","1,466,496"
"2024/05/16","2,515.0","2,529.0","2,453.0","2,485.0","-30.0","1,399,100","0","353,200","0.00","-","2,489.40","2,404.04","2,106.61","1,672,820","1,338,340","1,464,581"
"2024/05/15","2,530.0","2,598.0","2,491.0","2,515.0","-11.0","1,046,100","0","420,100","0.00","-","2,462.00","2,397.40","2,095.21","1,499,380","1,327,024","1,482,116"
"2024/05/14","2,560.0","2,562.0","2,472.0","2,526.0","-18.0","1,609,900","0","408,900","0.00","-","2,422.40","2,386.88","2,082.34","1,438,760","1,340,408","1,484,356"
"2024/05/13","2,500.0","2,572.0","2,431.0","2,544.0","+167.0","2,924,800","0","414,700","0.00","-","2,378.80","2,377.36","2,069.65","1,452,920","1,346,784","1,479,888"
"2024/05/10","2,328.0","2,386.0","2,321.0","2,377.0","+29.0","1,384,200","0","501,200","0.00","-","2,339.40","2,363.16","2,056.52","1,075,220","1,316,180","1,455,788"
"2024/05/09","2,296.0","2,363.0","2,285.0","2,348.0","+31.0","531,900","0","462,000","0.00","-","2,340.00","2,358.00","2,045.33","922,760","1,342,892","1,442,617"
"2024/05/08","2,308.0","2,349.0","2,297.0","2,317.0","+9.0","743,000","0","855,600","0.00","-","2,344.00","2,354.52","2,034.49","1,002,700","1,396,580","1,442,824"
"2024/05/07","2,368.0","2,369.0","2,265.0","2,308.0","-39.0","1,680,700","0","885,000","0.00","-","2,355.40","2,355.08","2,024.02","1,060,000","1,448,404","1,439,324"
"2024/05/02","2,382.0","2,390.0","2,315.0","2,347.0","-33.0","1,036,300","0","889,200","0.00","-","2,362.00","2,350.80","2,013.84","905,980","1,417,816","1,427,697"
"2024/05/01","2,369.0","2,410.0","2,359.0","2,380.0","+12.0","621,900","0","918,700","0.00","-","2,371.00","2,344.64","2,002.92","868,200","1,422,956","1,428,002"
"2024/04/30","2,324.0","2,385.0","2,308.0","2,368.0","-6.0","931,600","0","507,600","0.00","-","2,376.00","2,337.20","1,991.93","981,800","1,452,572","1,431,004"
"2024/04/26","2,322.0","2,387.0","2,307.0","2,374.0","+33.0","1,029,500","0","497,600","0.00","-","2,385.40","2,331.96","1,980.88","1,223,900","1,471,152","1,430,354"
"2024/04/25","2,400.0","2,404.0","2,341.0","2,341.0","-51.0","910,600","0","511,300","0.00","-","2,403.00","2,327.44","1,969.58","1,481,260","1,513,272","1,427,124"
"2024/04/24","2,434.0","2,434.0","2,367.0","2,392.0","-13.0","847,400","0","508,000","0.00","-","2,433.00","2,319.40","1,958.88","1,889,520","1,554,328","1,427,700"
"2024/04/23","2,456.0","2,473.0","2,400.0","2,405.0","-10.0","1,189,900","0","498,800","0.00","-","2,416.60","2,309.48","1,947.34","1,948,120","1,635,572","1,430,724"
"2024/04/22","2,498.0","2,556.0","2,373.0","2,415.0","-47.0","2,142,100","0","546,200","0.00","-","2,412.20","2,295.92","1,935.90","1,960,520","1,623,964","1,425,233"
"2024/04/19","2,491.0","2,506.0","2,424.0","2,462.0","-29.0","2,316,300","0","530,400","0.00","-","2,425.80","2,281.04","1,923.96","1,730,240","1,588,656","1,405,793"
"2024/04/18","2,450.0","2,547.0","2,421.0","2,491.0","+181.0","2,951,900","0","413,400","0.00","-","2,429.60","2,266.16","1,911.18","1,485,200","1,526,588","1,395,037"
"2024/04/17","2,400.0","2,409.0","2,287.0","2,310.0","-73.0","1,140,400","0","398,300","0.00","-","2,417.60","2,248.68","1,897.96","1,273,560","1,443,000","1,368,521"
"2024/04/16","2,480.0","2,511.0","2,374.0","2,383.0","-100.0","1,251,900","0","393,000","0.00","-","2,414.20","2,237.16","1,887.40","1,192,700","1,445,304","1,364,238"
"2024/04/15","2,450.0","2,517.0","2,432.0","2,483.0","+2.0","990,700","0","417,200","0.00","-","2,402.60","2,224.20","1,875.56","1,153,800","1,462,512","1,358,065"
"2024/04/12","2,467.0","2,502.0","2,428.0","2,481.0","+50.0","1,091,100","0","374,600","0.00","-","2,369.80","2,207.88","1,862.24","1,178,900","1,484,228","1,359,473"
"2024/04/11","2,308.0","2,440.0","2,293.0","2,431.0","+138.0","1,893,700","0","390,000","0.00","-","2,324.00","2,193.48","1,848.97","1,236,820","1,508,064","1,372,120"
"2024/04/10","2,325.0","2,334.0","2,274.0","2,293.0","-32.0","736,100","0","474,300","0.00","-","2,295.40","2,181.88","1,836.82","1,211,940","1,492,764","1,355,813"
"2024/04/09","2,300.0","2,331.0","2,271.0","2,325.0","+6.0","1,057,400","0","448,200","0.00","-","2,274.60","2,173.36","1,826.80","1,496,660","1,533,268","1,357,429"
"2024/04/08","2,231.0","2,334.0","2,223.0","2,319.0","+67.0","1,116,200","0","380,500","0.00","-","2,259.20","2,159.96","1,816.37","1,695,580","1,558,688","1,361,937"
"2024/04/05","2,230.0","2,277.0","2,193.0","2,252.0","-36.0","1,380,700","0","443,100","0.00","-","2,247.60","2,146.40","1,805.49","1,847,160","1,547,756","1,364,678"
"2024/04/04","2,250.0","2,331.0","2,229.0","2,288.0","+99.0","1,769,300","0","401,500","0.00","-","2,263.40","2,134.28","1,796.14","1,978,740","1,527,464","1,360,845"
"2024/04/03","2,186.0","2,238.0","2,140.0","2,189.0","-59.0","2,159,700","0","465,600","0.00","-","2,246.00","2,119.96","1,786.38","1,808,080","1,499,004","1,356,841"
"2024/04/02","2,250.0","2,348.0","2,227.0","2,248.0","-13.0","2,052,000","0","426,800","0.00","-","2,246.80","2,109.44","1,778.48","1,609,100","1,455,932","1,342,590"
"2024/04/01","2,332.0","2,332.0","2,234.0","2,261.0","-70.0","1,874,100","0","882,800","0.00","-","2,236.00","2,095.24","1,769.60","1,471,160","1,449,080","1,352,048"
"2024/03/29","2,200.0","2,353.0","2,200.0","2,331.0","+130.0","2,038,600","0","891,000","0.00","-","2,231.20","2,078.00","1,761.22","1,375,560","1,429,872","1,354,917"
"2024/03/28","2,224.0","2,234.0","2,182.0","2,201.0","+8.0","916,000","0","928,200","0.00","-","2,217.20","2,056.56","1,752.58","1,384,340","1,384,460","1,338,201"
"2024/03/27","2,198.0","2,214.0","2,152.0","2,193.0","-1.0","1,164,800","0","928,600","0.00","-","2,205.00","2,038.32","1,745.76","1,588,540","1,382,288","1,335,729"
"2024/03/26","2,241.0","2,244.0","2,167.0","2,194.0","-43.0","1,362,300","0","951,100","0.00","-","2,195.20","2,022.60","1,739.12","1,931,280","1,391,084","1,329,002"
"2024/03/25","2,244.0","2,285.0","2,221.0","2,237.0","-24.0","1,396,100","0","941,100","0.00","-","2,169.60","2,005.04","1,732.62","1,838,760","1,376,288","1,333,248"
"2024/03/22","2,143.0","2,278.0","2,136.0","2,261.0","+121.0","2,082,500","0","943,600","0.00","-","2,130.80","1,984.72","1,724.98","1,811,420","1,368,424","1,331,358"
"2024/03/21","2,170.0","2,183.0","2,104.0","2,140.0","-4.0","1,937,000","0","921,000","0.00","-","2,096.60","1,963.72","1,717.10","1,547,840","1,345,464","1,323,182"
"2024/03/19","2,085.0","2,151.0","2,048.0","2,144.0","+78.0","2,878,500","0","888,500","0.00","-","2,079.40","1,944.60","1,711.54","1,332,880","1,323,416","1,317,186"
"2024/03/18","2,065.0","2,084.0","2,035.0","2,066.0","+23.0","899,700","0","889,200","0.00","-","2,055.00","1,926.08","1,705.58","996,780","1,246,872","1,297,741"
"2024/03/15","2,055.0","2,105.0","2,013.0","2,043.0","-47.0","1,259,400","0","897,200","0.00","-","2,053.60","1,911.12","1,700.44","1,153,260","1,250,064","1,295,024"
"2024/03/14","2,061.0","2,107.0","2,047.0","2,090.0","+36.0","764,600","0","897,300","0.00","-","2,060.00","1,898.20","1,695.69","1,208,100","1,226,276","1,291,100"
"2024/03/13","2,066.0","2,090.0","2,020.0","2,054.0","+32.0","862,200","0","905,800","0.00","-","2,066.20","1,883.20","1,690.54","1,392,580","1,238,300","1,291,657"
"2024/03/12","2,025.0","2,052.0","1,976.0","2,022.0","-37.0","1,198,000","0","885,500","0.00","-","2,083.60","1,870.68","1,686.21","1,522,380","1,308,244","1,298,832"
"2024/03/11","2,066.0","2,099.0","2,025.0","2,059.0","-16.0","1,682,100","0","487,000","0.00","-","2,095.20","1,858.28","1,682.18","1,632,520","1,362,132","1,301,212"
"2024/03/08","2,131.0","2,136.0","2,034.0","2,075.0","-46.0","1,533,600","0","515,600","0.00","-","2,081.40","1,844.52","1,677.53","1,634,680","1,356,576","1,291,796"
"2024/03/07","2,166.0","2,177.0","2,081.0","2,121.0","-20.0","1,687,000","0","527,100","0.00","-","2,062.40","1,829.60","1,672.46","1,496,540","1,389,108","1,284,076"
"2024/03/06","2,043.0","2,157.0","2,030.0","2,141.0","+61.0","1,511,200","0","962,600","0.00","-","2,028.00","1,812.00","1,666.89","1,333,820","1,521,692","1,276,040"
"2024/03/05","2,000.0","2,094.0","1,980.0","2,080.0","+90.0","1,748,700","0","925,000","0.00","-","1,985.80","1,790.76","1,661.12","1,243,140","1,537,276","1,268,258"
"2024/03/04","1,980.0","2,005.0","1,945.0","1,990.0","+10.0","1,692,900","0","876,400","0.00","-","1,955.00","1,771.40","1,656.12","1,109,980","1,501,272","1,269,156"
"2024/03/01","1,961.0","1,986.0","1,949.0","1,980.0","+31.0","842,900","0","842,500","0.00","-","1,935.60","1,755.84","1,651.60","1,147,540","1,496,716","1,294,868"
"2024/02/29","1,924.0","1,949.0","1,911.0","1,949.0","+19.0","873,400","0","843,100","0.00","-","1,905.60","1,741.84","1,647.90","1,257,740","1,571,568","1,366,169"
"2024/02/28","1,929.0","1,963.0","1,910.0","1,930.0","+4.0","1,057,800","0","886,800","0.00","-","1,874.80","1,725.88","1,643.50","1,263,720","1,585,196","1,365,414"
"2024/02/27","1,909.0","1,952.0","1,906.0","1,926.0","+33.0","1,082,900","0","915,800","0.00","-","1,837.80","1,711.64","1,639.57","1,224,500","1,593,876","1,368,162"
"2024/02/26","1,851.0","1,920.0","1,851.0","1,893.0","+63.0","1,880,700","0","871,300","0.00","-","1,812.60","1,696.96","1,635.66","1,284,860","1,595,252","1,371,897"
"2024/02/22","1,798.0","1,845.0","1,792.0","1,830.0","+35.0","1,393,900","0","845,700","0.00","-","1,785.00","1,682.76","1,632.12","1,107,200","1,535,880","1,366,322"
"2024/02/21","1,736.0","1,797.0","1,735.0","1,795.0","+50.0","903,300","0","857,700","0.00","-","1,764.80","1,670.96","1,628.90","1,068,320","1,502,020","1,370,444"
"2024/02/20","1,800.0","1,800.0","1,745.0","1,745.0","-55.0","861,700","0","881,400","0.00","-","1,753.00","1,660.44","1,626.09","1,189,360","1,485,108","1,384,985"
"2024/02/19","1,761.0","1,808.0","1,761.0","1,800.0","+45.0","1,384,700","0","854,500","0.00","-","1,736.40","1,652.40","1,624.04","1,294,180","1,482,988","1,386,792"
"2024/02/16","1,747.0","1,755.0","1,731.0","1,755.0","+26.0","992,400","0","878,700","0.00","-","1,712.60","1,641.52","1,621.02","1,210,220","1,469,968","1,377,050"
"2024/02/15","1,748.0","1,755.0","1,717.0","1,729.0","-7.0","1,199,500","0","911,500","0.00","-","1,700.00","1,633.56","1,618.61","1,207,640","1,464,152","1,372,216"
"2024/02/14","1,691.0","1,743.0","1,676.0","1,736.0","+74.0","1,508,500","0","920,100","0.00","-","1,698.20","1,625.96","1,616.10","1,100,680","1,451,488","1,369,156"
"2024/02/13","1,677.0","1,684.0","1,645.0","1,662.0","-19.0","1,385,800","0","979,700","0.00","-","1,694.00","1,617.60","1,613.80","1,012,020","1,422,636","1,366,188"
"2024/02/09","1,680.0","1,702.0","1,674.0","1,681.0","-11.0","964,900","0","1,127,600","0.00","-","1,709.80","1,612.64","1,612.80","1,257,020","1,405,356","1,365,672"
"2024/02/08","1,715.0","1,717.0","1,686.0","1,692.0","-28.0","979,500","0","1,085,500","0.00","-","1,716.00","1,606.48","1,611.68","1,573,080","1,409,728","1,367,828"
"2024/02/07","1,717.0","1,733.0","1,709.0","1,720.0","+5.0","664,700","0","1,124,900","0.00","-","1,720.60","1,600.68","1,610.45","1,685,820","1,401,672","1,369,757"
"2024/02/06","1,726.0","1,749.0","1,715.0","1,715.0","-26.0","1,065,200","0","1,128,600","0.00","-","1,717.00","1,592.64","1,608.38","2,022,260","1,402,448","1,383,348"
"2024/02/05","1,729.0","1,786.0","1,727.0","1,741.0","+29.0","2,610,800","0","1,100,800","0.00","-","1,710.20","1,584.20","1,605.61","2,809,540","1,420,224","1,381,589"
"2024/02/02","1,720.0","1,759.0","1,711.0","1,712.0","-3.0","2,545,200","0","1,120,600","0.00","-","1,684.00","1,574.52","1,602.13","2,667,540","1,354,320","1,352,758"
"2024/02/01","1,690.0","1,715.0","1,673.0","1,715.0","+13.0","1,543,200","0","1,150,900","0.00","-","1,660.80","1,566.76","1,599.17","2,328,220","1,285,280","1,325,069"
"2024/01/31","1,680.0","1,719.0","1,662.0","1,702.0","+21.0","2,346,900","0","1,203,400","0.00","-","1,638.00","1,557.96","1,596.28","2,335,380","1,255,108","1,310,142"
"2024/01/30","1,681.0","1,723.0","1,656.0","1,681.0","+71.0","5,001,600","0","1,186,600","0.00","-","1,623.60","1,549.24","1,593.81","2,408,840","1,205,084","1,285,792"
"2024/01/29","1,590.0","1,612.0","1,577.0","1,610.0","+14.0","1,900,800","0","1,484,600","0.00","-","1,597.40","1,541.44","1,590.98","1,651,340","1,086,604","1,226,513"
"2024/01/26","1,592.0","1,616.0","1,588.0","1,596.0","-5.0","848,600","0","1,561,600","0.00","-","1,590.20","1,537.84","1,589.40","1,526,140","1,037,400","1,211,901"
"2024/01/25","1,642.0","1,642.0","1,595.0","1,601.0","-29.0","1,579,000","0","1,577,100","0.00","-","1,582.80","1,535.64","1,587.34","1,579,880","1,037,748","1,225,077"
"2024/01/24","1,561.0","1,632.0","1,554.0","1,630.0","+80.0","2,714,200","0","1,512,200","0.00","-","1,570.20","1,533.32","1,586.10","1,343,360","1,030,408","1,221,974"
"2024/01/23","1,568.0","1,577.0","1,541.0","1,550.0","-24.0","1,214,100","0","1,219,600","0.00","-","1,551.20","1,528.24","1,585.10","910,000","974,712","1,196,881"
"2024/01/22","1,561.0","1,598.0","1,560.0","1,574.0","+15.0","1,274,800","0","1,216,100","0.00","-","1,547.60","1,528.28","1,585.24","763,280","969,876","1,204,702"
"2024/01/19","1,540.0","1,560.0","1,534.0","1,559.0","+21.0","1,117,300","0","1,173,600","0.00","-","1,541.60","1,527.56","1,585.85","670,060","977,644","1,203,085"
"2024/01/18","1,534.0","1,540.0","1,530.0","1,538.0","+3.0","396,400","0","1,181,500","0.00","-","1,535.40","1,529.04","1,586.66","658,440","976,588","1,214,744"
"2024/01/17","1,531.0","1,544.0","1,531.0","1,535.0","+3.0","547,400","0","1,177,900","0.00","-","1,539.00","1,530.80","1,587.22","748,560","1,071,184","1,233,420"
"2024/01/16","1,543.0","1,545.0","1,530.0","1,532.0","-12.0","480,500","0","1,179,900","0.00","-","1,539.80","1,534.72","1,587.12","815,660","1,132,860","1,234,137"
"2024/01/15","1,527.0","1,548.0","1,525.0","1,544.0","+16.0","808,700","0","1,180,800","0.00","-","1,538.80","1,540.76","1,587.36","877,000","1,145,036","1,253,400"
"2024/01/12","1,548.0","1,548.0","1,525.0","1,528.0","-28.0","1,059,200","0","1,216,300","0.00","-","1,537.60","1,546.56","1,588.28","906,020","1,141,912","1,272,890"
"2024/01/11","1,540.0","1,560.0","1,539.0","1,556.0","+17.0","847,000","0","1,193,700","0.00","-","1,537.40","1,553.24","1,588.45","909,020","1,125,956","1,270,828"
"2024/01/10","1,534.0","1,546.0","1,533.0","1,539.0","+12.0","882,900","0","1,274,700","0.00","-","1,535.60","1,559.28","1,588.32","895,240","1,159,304","1,266,977"
"2024/01/09","1,554.0","1,554.0","1,524.0","1,527.0","-11.0","787,200","0","1,401,900","0.00","-","1,531.60","1,564.28","1,588.13","855,480","1,174,164","1,293,464"
"2024/01/05","1,529.0","1,544.0","1,522.0","1,538.0","+11.0","953,800","0","1,359,900","0.00","-","1,527.00","1,570.00","1,588.28","999,960","1,201,448","1,291,904"
"2024/01/04","1,532.0","1,534.0","1,506.0","1,527.0","-20.0","1,074,200","0","1,427,500","0.00","-","1,519.20","1,577.40","1,588.42","1,001,840","1,222,788","1,288,837"
"2023/12/29","1,523.0","1,547.0","1,516.0","1,547.0","+28.0","778,100","0","1,352,700","0.00","-","1,517.40","1,584.20","1,588.80","950,840","1,236,624","1,286,780"
"2023/12/28","1,510.0","1,527.0","1,509.0","1,519.0","+15.0","684,100","0","1,294,600","0.00","-","1,507.00","1,589.52","1,588.89","953,000","1,233,336","1,293,054"
"2023/12/27","1,494.0","1,504.0","1,484.0","1,504.0","+5.0","1,509,600","0","1,278,800","0.00","-","1,500.00","1,596.24","1,588.89","1,035,440","1,244,576","1,289,781"
"2023/12/26","1,510.0","1,522.0","1,493.0","1,499.0","-19.0","963,200","0","1,278,900","0.00","-","1,496.40","1,604.24","1,589.21","1,141,440","1,216,448","1,276,004"
"2023/12/25","1,525.0","1,532.0","1,503.0","1,518.0","+23.0","819,200","0","1,203,500","0.00","-","1,500.60","1,613.44","1,589.69","1,082,940","1,233,932","1,270,438"
"2023/12/22","1,485.0","1,509.0","1,484.0","1,495.0","+11.0","788,900","0","1,170,600","0.00","-","1,505.20","1,621.52","1,589.93","1,090,560","1,256,224","1,269,933"
"2023/12/21","1,483.0","1,494.0","1,471.0","1,484.0","-2.0","1,096,300","0","1,156,300","0.00","-","1,514.80","1,630.12","1,590.29","1,211,880","1,263,704","1,273,825"
"2023/12/20","1,518.0","1,523.0","1,484.0","1,486.0","-34.0","2,039,600","0","954,100","0.00","-","1,518.60","1,638.56","1,590.85","1,256,980","1,258,036","1,265,396"
"2023/12/19","1,533.0","1,543.0","1,508.0","1,520.0","-21.0","670,700","0","823,700","0.00","-","1,531.60","1,647.24","1,591.42","1,067,700","1,219,824","1,263,948"
"2023/12/18","1,526.0","1,549.0","1,504.0","1,541.0","-2.0","857,300","0","1,235,800","0.00","-","1,538.80","1,654.76","1,591.53","1,227,360","1,230,100","1,264,998"
"2023/12/15","1,501.0","1,547.0","1,491.0","1,543.0","+40.0","1,395,500","0","1,231,200","0.00","-","1,549.80","1,661.32","1,591.09","1,274,080","1,268,448","1,262,074"
"2023/12/14","1,550.0","1,554.0","1,501.0","1,503.0","-48.0","1,321,800","0","1,067,400","0.00","-","1,557.60","1,665.64","1,590.65","1,547,240","1,357,480","1,249,176"
"2023/12/13","1,572.0","1,586.0","1,535.0","1,551.0","-5.0","1,093,200","0","1,129,000","0.00","-","1,583.60","1,673.64","1,590.76","1,700,740","1,552,228","1,236,242"
"2023/12/12","1,598.0","1,602.0","1,548.0","1,556.0","-40.0","1,469,000","0","1,059,500","0.00","-","1,610.00","1,676.36","1,590.18","1,639,080","1,541,172","1,228,390"
"2023/12/11","1,622.0","1,627.0","1,582.0","1,596.0","+14.0","1,090,900","0","1,019,500","0.00","-","1,636.60","1,679.52","1,589.80","1,491,400","1,532,968","1,214,508"
"2023/12/08","1,625.0","1,666.0","1,575.0","1,582.0","-51.0","2,761,300","0","955,900","0.00","-","1,656.40","1,681.00","1,588.81","1,405,280","1,543,852","1,211,129"
"2023/12/07","1,671.0","1,676.0","1,631.0","1,633.0","-50.0","2,089,300","0","1,073,400","0.00","-","1,681.40","1,682.80","1,587.42","1,189,160","1,491,904","1,185,190"
"2023/12/06","1,692.0","1,702.0","1,682.0","1,683.0","-6.0","784,900","0","980,700","0.00","-","1,687.60","1,681.04","1,584.82","1,022,180","1,476,452","1,187,537"
"2023/12/05","1,685.0","1,720.0","1,678.0","1,689.0","-6.0","730,600","0","983,400","0.00","-","1,685.00","1,677.08","1,582.14","1,159,060","1,524,812","1,199,912"
"2023/12/04","1,700.0","1,702.0","1,670.0","1,695.0","-12.0","660,300","0","1,009,200","0.00","-","1,691.80","1,673.16","1,580.02","1,310,400","1,535,476","1,209,602"
"2023/12/01","1,673.0","1,725.0","1,670.0","1,707.0","+43.0","1,680,700","0","1,057,700","0.00","-","1,692.20","1,668.32","1,578.25","1,462,360","1,535,228","1,212,752"
"2023/11/30","1,675.0","1,680.0","1,643.0","1,664.0","-6.0","1,254,400","0","1,002,600","0.00","-","1,686.80","1,663.00","1,576.28","1,265,400","1,493,192","1,203,132"
"2023/11/29","1,730.0","1,733.0","1,667.0","1,670.0","-53.0","1,469,300","0","883,900","0.00","-","1,691.40","1,658.08","1,575.14","1,207,540","1,481,816","1,195,618"
"2023/11/28","1,704.0","1,759.0","1,697.0","1,723.0","+26.0","1,487,300","0","833,700","0.00","-","1,698.20","1,653.80","1,573.81","1,074,960","1,474,480","1,184,233"
"2023/11/27","1,691.0","1,703.0","1,661.0","1,697.0","+17.0","1,420,100","0","833,700","0.00","-","1,699.40","1,648.36","1,571.74","1,057,560","1,468,872","1,179,117"
"2023/11/24","1,684.0","1,689.0","1,661.0","1,680.0","-7.0","695,900","0","744,700","0.00","-","1,704.00","1,644.36","1,570.33","1,048,840","1,457,132","1,165,833"
"2023/11/22","1,700.0","1,708.0","1,674.0","1,687.0","-17.0","965,100","0","753,200","0.00","-","1,710.00","1,641.16","1,568.88","1,104,840","1,474,264","1,164,642"
"2023/11/21","1,729.0","1,741.0","1,703.0","1,704.0","-25.0","806,400","0","734,400","0.00","-","1,711.60","1,636.28","1,567.50","1,102,740","1,503,020","1,160,877"
"2023/11/20","1,724.0","1,736.0","1,698.0","1,729.0","+9.0","1,400,300","0","693,100","0.00","-","1,711.40","1,628.40","1,565.90","1,158,320","1,508,096","1,164,760"
"2023/11/17","1,701.0","1,744.0","1,701.0","1,720.0","+10.0","1,376,500","0","747,800","0.00","-","1,707.20","1,618.44","1,564.28","1,063,780","1,470,024","1,161,873"
"2023/11/16","1,690.0","1,710.0","1,685.0","1,710.0","+15.0","975,900","0","742,300","0.00","-","1,704.20","1,609.24","1,562.80","1,151,680","1,433,704","1,181,514"
"2023/11/15","1,698.0","1,723.0","1,695.0","1,695.0","-8.0","954,600","0","854,500","0.00","-","1,692.40","1,600.76","1,562.28","1,680,760","1,411,616","1,211,400"
"2023/11/14","1,715.0","1,717.0","1,674.0","1,703.0","-5.0","1,084,300","0","982,100","0.00","-","1,694.00","1,593.64","1,561.28","2,727,940","1,394,256","1,206,181"
"2023/11/13","1,701.0","1,731.0","1,688.0","1,708.0","+3.0","927,600","0","1,025,200","0.00","-","1,677.20","1,584.28","1,559.96","2,674,440","1,373,112","1,197,780"
"2023/11/10","1,650.0","1,711.0","1,645.0","1,705.0","+54.0","1,816,000","0","1,052,000","0.00","-","1,662.60","1,575.60","1,558.68","2,741,700","1,368,204","1,192,592"
"2023/11/09","1,735.0","1,778.0","1,633.0","1,651.0","-52.0","3,621,300","0","1,156,700","0.00","-","1,648.20","1,565.08","1,557.22","2,651,100","1,369,036","1,175,057"
"2023/11/08","1,720.0","1,760.0","1,673.0","1,703.0","+84.0","6,190,500","0","1,030,900","0.00","-","1,643.40","1,559.36","1,556.45","2,219,360","1,278,036","1,137,236"
"2023/11/07","1,630.0","1,631.0","1,610.0","1,619.0","-16.0","816,800","0","1,014,700","0.00","-","1,620.60","1,553.44","1,555.26","1,321,860","1,063,704","1,066,216"
"2023/11/06","1,635.0","1,655.0","1,631.0","1,635.0","+2.0","1,263,900","0","1,040,800","0.00","-","1,613.60","1,551.08","1,555.29","1,557,280","1,103,060","1,065,956"
"2023/11/02","1,631.0","1,646.0","1,619.0","1,633.0","+6.0","1,363,000","0","1,208,500","0.00","-","1,604.80","1,550.48","1,554.78","1,503,940","1,098,644","1,058,266"
"2023/11/01","1,602.0","1,629.0","1,576.0","1,627.0","+38.0","1,462,600","0","1,240,400","0.00","-","1,593.00","1,549.96","1,554.08","1,362,160","1,123,792","1,052,308"
"2023/10/31","1,610.0","1,620.0","1,555.0","1,589.0","+5.0","1,703,000","0","1,275,900","0.00","-","1,582.40","1,548.08","1,553.37","1,195,600","1,137,172","1,046,729"
"2023/10/30","1,595.0","1,626.0","1,576.0","1,584.0","-7.0","1,993,900","0","1,282,800","0.00","-","1,572.80","1,545.60","1,553.08","1,049,000","1,093,100","1,036,906"
"2023/10/27","1,569.0","1,591.0","1,545.0","1,591.0","+17.0","997,200","0","1,287,300","0.00","-","1,568.60","1,544.24","1,553.09","907,400","1,090,352","1,020,457"
"2023/10/26","1,545.0","1,579.0","1,545.0","1,574.0","0.0","654,100","0","1,298,700","0.00","-","1,567.80","1,545.12","1,553.06","977,380","1,141,284","1,021,405"
"2023/10/25","1,545.0","1,580.0","1,541.0","1,574.0","+33.0","629,800","0","1,313,800","0.00","-","1,572.40","1,543.80","1,553.21","1,071,880","1,151,300","1,032,777"
"2023/10/24","1,560.0","1,560.0","1,513.0","1,541.0","-22.0","970,000","0","1,344,800","0.00","-","1,577.60","1,542.68","1,553.26","1,170,760","1,148,436","1,059,477"
"2023/10/23","1,586.0","1,588.0","1,537.0","1,563.0","-24.0","1,285,900","0","1,467,300","0.00","-","1,582.40","1,542.04","1,554.80","1,313,560","1,224,412","1,058,661"
"2023/10/20","1,600.0","1,618.0","1,585.0","1,587.0","-10.0","1,347,100","0","1,559,900","0.00","-","1,571.20","1,541.04","1,556.09","1,243,040","1,199,784","1,056,298"
"2023/10/19","1,582.0","1,604.0","1,558.0","1,597.0","-3.0","1,126,600","0","1,564,500","0.00","-","1,549.80","1,539.52","1,556.82","1,063,320","1,174,852","1,049,390"
"2023/10/18","1,576.0","1,610.0","1,558.0","1,600.0","+35.0","1,124,200","0","1,580,800","0.00","-","1,528.40","1,537.84","1,557.50","931,700","1,166,584","1,046,454"
"2023/10/17","1,503.0","1,584.0","1,503.0","1,565.0","+58.0","1,684,000","0","1,652,100","0.00","-","1,508.00","1,536.00","1,557.74","791,600","1,171,564","1,051,585"
"2023/10/16","1,510.0","1,521.0","1,489.0","1,507.0","+27.0","933,300","0","1,731,800","0.00","-","1,498.40","1,534.16","1,558.40","558,920","1,121,748","1,053,940"
"2023/10/13","1,486.0","1,500.0","1,476.0","1,480.0","-10.0","448,500","0","1,784,600","0.00","-","1,490.80","1,535.00","1,560.29","483,400","1,103,468","1,055,645"
"2023/10/12","1,511.0","1,511.0","1,489.0","1,490.0","-8.0","468,500","0","1,742,500","0.00","-","1,493.00","1,537.20","1,562.58","554,680","1,107,360","1,059,756"
"2023/10/11","1,506.0","1,515.0","1,497.0","1,498.0","-19.0","423,700","0","1,670,200","0.00","-","1,483.40","1,539.04","1,564.70","828,340","1,119,872","1,071,316"
"2023/10/10","1,486.0","1,517.0","1,479.0","1,517.0","+48.0","520,600","0","1,655,000","0.00","-","1,485.40","1,540.00","1,566.94","1,012,860","1,146,156","1,087,278"
"2023/10/06","1,484.0","1,490.0","1,468.0","1,469.0","-22.0","555,700","0","1,691,200","0.00","-","1,493.00","1,540.36","1,569.50","1,075,180","1,143,896","1,114,021"
"2023/10/05","1,458.0","1,505.0","1,454.0","1,491.0","+49.0","804,900","0","1,706,000","0.00","-","1,511.20","1,542.76","1,572.48","1,324,180","1,198,908","1,141,537"
"2023/10/04","1,490.0","1,490.0","1,437.0","1,442.0","-66.0","1,836,800","0","1,775,300","0.00","-","1,537.00","1,544.24","1,574.26","1,393,900","1,196,692","1,152,826"
"2023/10/03","1,550.0","1,571.0","1,505.0","1,508.0","-47.0","1,346,300","0","1,888,800","0.00","-","1,572.60","1,546.88","1,576.86","1,424,880","1,148,740","1,159,513"
"2023/10/02","1,559.0","1,587.0","1,555.0","1,555.0","-5.0","832,200","0","1,870,000","0.00","-","1,587.00","1,546.96","1,577.74","1,515,040","1,112,012","1,162,636"
"2023/09/29","1,625.0","1,664.0","1,544.0","1,560.0","-60.0","1,800,700","0","1,885,400","0.00","-","1,581.40","1,545.20","1,577.86","1,468,840","1,092,796","1,170,733"
"2023/09/28","1,618.0","1,635.0","1,600.0","1,620.0","0.0","1,153,500","0","1,876,300","0.00","-","1,579.40","1,543.12","1,578.02","1,493,740","1,040,940","1,164,344"
"2023/09/27","1,592.0","1,622.0","1,581.0","1,620.0","+40.0","1,991,700","0","1,917,700","0.00","-","1,578.00","1,539.40","1,577.77","1,717,140","1,011,912","1,168,520"
"2023/09/26","1,525.0","1,607.0","1,522.0","1,580.0","+53.0","1,797,100","0","2,070,500","0.00","-","1,562.20","1,535.48","1,577.73","1,499,700","965,744","1,165,376"
"2023/09/25","1,547.0","1,551.0","1,525.0","1,527.0","-23.0","601,200","0","2,176,000","0.00","-","1,555.40","1,531.40","1,577.41","1,251,920","926,496","1,164,050"
"2023/09/22","1,608.0","1,611.0","1,548.0","1,550.0","-63.0","1,925,200","0","2,191,200","0.00","-","1,555.00","1,527.84","1,577.81","1,705,560","993,060","1,170,738"
"2023/09/21","1,542.0","1,613.0","1,541.0","1,613.0","+72.0","2,270,500","0","2,127,900","0.00","-","1,552.60","1,525.12","1,578.00","1,454,560","984,572","1,162,585"
"2023/09/20","1,546.0","1,578.0","1,541.0","1,541.0","-5.0","904,500","0","2,172,200","0.00","-","1,539.80","1,521.80","1,577.56","1,145,220","952,048","1,149,052"
"2023/09/19","1,530.0","1,546.0","1,527.0","1,546.0","+21.0","558,200","0","2,241,800","0.00","-","1,542.60","1,522.64","1,578.05","1,148,300","951,728","1,160,256"
"2023/09/15","1,537.0","1,567.0","1,523.0","1,525.0","-13.0","2,869,400","0","2,272,000","0.00","-","1,544.20","1,523.16","1,578.52","1,286,400","967,768","1,168,164"
"2023/09/14","1,555.0","1,560.0","1,529.0","1,538.0","-11.0","670,200","0","2,258,000","0.00","-","1,543.00","1,525.32","1,579.65","800,240","880,628","1,141,316"
"2023/09/13","1,559.0","1,573.0","1,545.0","1,549.0","-6.0","723,800","0","2,239,000","0.00","-","1,541.00","1,526.60","1,580.84","761,460","878,436","1,150,426"
"2023/09/12","1,560.0","1,562.0","1,528.0","1,555.0","+1.0","919,900","0","2,188,300","0.00","-","1,538.20","1,527.36","1,581.58","725,860","893,628","1,162,713"
"2023/09/11","1,519.0","1,560.0","1,519.0","1,554.0","+35.0","1,248,700","0","2,173,600","0.00","-","1,534.40","1,528.80","1,582.72","698,140","873,784","1,164,077"
"2023/09/08","1,521.0","1,525.0","1,511.0","1,519.0","-9.0","438,600","0","2,209,000","0.00","-","1,528.00","1,529.48","1,583.81","664,560","848,100","1,161,356"
"2023/09/07","1,525.0","1,532.0","1,521.0","1,528.0","-7.0","476,300","0","2,205,100","0.00","-","1,529.40","1,532.08","1,585.88","669,660","857,864","1,177,125"
"2023/09/06","1,525.0","1,538.0","1,522.0","1,535.0","-1.0","545,800","0","2,234,600","0.00","-","1,529.60","1,534.32","1,587.16","960,600","882,716","1,211,045"
"2023/09/05","1,513.0","1,548.0","1,511.0","1,536.0","+14.0","781,300","0","2,250,600","0.00","-","1,528.20","1,537.20","1,588.65","1,001,340","908,236","1,229,016"
"2023/09/04","1,535.0","1,549.0","1,521.0","1,522.0","-4.0","1,080,800","0","2,298,900","0.00","-","1,522.60","1,540.12","1,590.29","972,680","990,968","1,259,482"
"2023/09/01","1,520.0","1,528.0","1,512.0","1,526.0","-3.0","464,100","0","2,295,000","0.00","-","1,520.20","1,546.08","1,593.10","842,140","1,076,428","1,289,402"
"2023/08/31","1,535.0","1,552.0","1,522.0","1,529.0","+1.0","1,931,000","0","2,268,700","0.00","-","1,517.20","1,549.84","1,595.77","819,680","1,080,392","1,329,286"
"2023/08/30","1,503.0","1,530.0","1,503.0","1,528.0","+20.0","749,500","0","2,330,400","0.00","-","1,513.00","1,552.84","1,598.40","534,340","1,021,320","1,395,032"
"2023/08/29","1,506.0","1,514.0","1,501.0","1,508.0","-2.0","638,000","0","2,362,400","0.00","-","1,512.80","1,556.20","1,602.13","470,000","1,012,880","1,433,530"
"2023/08/28","1,511.0","1,514.0","1,499.0","1,510.0","-1.0","428,100","0","2,369,200","0.00","-","1,515.60","1,559.72","1,606.17","509,900","1,007,396","1,480,033"
"2023/08/25","1,505.0","1,517.0","1,499.0","1,511.0","+3.0","351,800","0","2,371,700","0.00","-","1,509.20","1,563.04","1,610.49","587,460","1,021,660","1,549,478"
"2023/08/24","1,520.0","1,523.0","1,502.0","1,508.0","-19.0","504,300","0","2,389,100","0.00","-","1,494.60","1,567.16","1,613.81","970,160","1,042,148","1,599,766"
"2023/08/23","1,515.0","1,529.0","1,495.0","1,527.0","+5.0","427,800","0","2,405,000","0.00","-","1,489.40","1,571.68","1,616.38","1,211,900","1,053,868","1,636,221"
"2023/08/22","1,482.0","1,527.0","1,472.0","1,522.0","+44.0","837,500","0","2,408,700","0.00","-","1,490.00","1,574.48","1,618.65","1,417,820","1,064,244","1,675,581"
"2023/08/21","1,435.0","1,487.0","1,435.0","1,478.0","+40.0","815,900","0","2,411,200","0.00","-","1,498.00","1,576.80","1,620.72","1,429,620","1,067,388","1,731,958"
"2023/08/18","1,471.0","1,481.0","1,429.0","1,438.0","-44.0","2,265,300","0","2,432,400","0.00","-","1,514.20","1,580.64","1,622.56","1,458,280","1,076,520","1,762,357"
"2023/08/17","1,517.0","1,524.0","1,482.0","1,482.0","-48.0","1,713,000","0","2,381,800","0.00","-","1,542.40","1,585.80","1,624.18","1,143,400","1,024,560","1,764,282"
"2023/08/16","1,551.0","1,555.0","1,530.0","1,530.0","-32.0","1,457,400","0","2,363,200","0.00","-","1,560.00","1,589.92","1,625.52","923,880","986,448","1,764,924"
"2023/08/15","1,553.0","1,563.0","1,550.0","1,562.0","+3.0","896,500","0","2,305,200","0.00","-","1,567.60","1,592.28","1,625.72","853,120","970,884","1,804,540"
"2023/08/14","1,574.0","1,589.0","1,557.0","1,559.0","-20.0","959,200","0","2,309,000","0.00","-","1,573.40","1,593.20","1,625.73","758,580","995,304","1,851,492"
"2023/08/10","1,563.0","1,584.0","1,562.0","1,579.0","+9.0","690,900","0","2,274,100","0.00","-","1,575.80","1,593.96","1,626.68","688,060","1,062,228","1,880,529"
"2023/08/09","1,563.0","1,572.0","1,558.0","1,570.0","+2.0","615,400","0","2,432,400","0.00","-","1,576.80","1,597.04","1,627.73","686,420","1,070,944","1,978,921"
"2023/08/08","1,595.0","1,598.0","1,562.0","1,568.0","-23.0","1,103,600","0","2,426,000","0.00","-","1,579.60","1,600.64","1,628.58","782,860","1,090,676","2,075,898"
"2023/08/07","1,571.0","1,591.0","1,570.0","1,591.0","+20.0","423,800","0","2,381,800","0.00","-","1,587.40","1,603.60","1,629.77","798,900","1,079,692","2,202,330"
"2023/08/04","1,583.0","1,592.0","1,570.0","1,571.0","-13.0","606,600","0","2,424,900","0.00","-","1,591.00","1,605.88","1,631.62","1,284,060","1,098,996","2,313,542"
"2023/08/03","1,580.0","1,592.0","1,572.0","1,584.0","0.0","682,700","0","2,419,600","0.00","-","1,611.00","1,607.76","1,634.57","1,806,200","1,135,092","2,507,412"
"2023/08/02","1,594.0","1,603.0","1,581.0","1,584.0","-23.0","1,097,600","0","2,408,200","0.00","-","1,618.20","1,608.96","1,635.20","1,782,300","1,182,208","2,600,228"
"2023/08/01","1,615.0","1,618.0","1,591.0","1,607.0","-2.0","1,183,800","0","2,345,600","0.00","-","1,622.20","1,611.56","1,636.20","1,653,620","1,180,752","2,691,984"
"2023/07/31","1,675.0","1,675.0","1,601.0","1,609.0","-62.0","2,849,600","0","2,350,500","0.00","-","1,623.20","1,613.36","1,635.76","1,524,560","1,163,672","2,790,561"
"2023/07/28","1,644.0","1,690.0","1,610.0","1,671.0","+51.0","3,217,300","0","2,367,600","0.00","-","1,620.60","1,614.96","1,634.89","1,054,820","1,103,108","2,963,512"
"2023/07/27","1,608.0","1,620.0","1,603.0","1,620.0","+16.0","563,200","0","2,287,300","0.00","-","1,605.00","1,614.76","1,633.76","568,300","1,039,252","3,123,948"
"2023/07/26","1,607.0","1,612.0","1,594.0","1,604.0","-8.0","454,200","0","2,325,600","0.00","-","1,603.80","1,618.32","1,631.41","628,460","1,117,776","3,221,065"
"2023/07/25","1,600.0","1,614.0","1,594.0","1,612.0","+16.0","538,500","0","2,334,900","0.00","-","1,607.20","1,621.84","1,627.86","697,080","1,204,384","3,303,008"
"2023/07/24","1,602.0","1,603.0","1,590.0","1,596.0","+3.0","500,900","0","2,332,400","0.00","-","1,604.20","1,622.36","1,624.89","726,820","1,248,908","3,414,268"
"2023/07/21","1,612.0","1,613.0","1,587.0","1,593.0","-21.0","784,700","0","2,331,200","0.00","-","1,601.00","1,624.00","1,621.36","809,860","1,322,404","3,496,190"
"2023/07/20","1,615.0","1,625.0","1,598.0","1,614.0","-7.0","864,000","0","2,311,000","0.00","-","1,597.20","1,623.24","1,617.37","861,760","1,354,236","3,580,265"
"2023/07/19","1,609.0","1,621.0","1,595.0","1,621.0","+24.0","797,300","0","2,257,000","0.00","-","1,587.80","1,621.24","1,612.08","882,220","1,377,256","3,602,094"
"2023/07/18","1,585.0","1,598.0","1,577.0","1,597.0","+17.0","687,200","0","2,287,000","0.00","-","1,580.60","1,619.28","1,606.26","874,800","1,398,224","3,672,810"
"2023/07/14","1,577.0","1,581.0","1,562.0","1,580.0","+6.0","916,100","0","2,296,200","0.00","-","1,579.00","1,619.44","1,601.04","951,020","1,429,404","3,907,797"
"2023/07/13","1,577.0","1,578.0","1,555.0","1,574.0","+7.0","1,044,200","0","2,289,500","0.00","-","1,580.00","1,620.92","-","1,069,200","1,462,996","0"
"2023/07/12","1,595.0","1,599.0","1,564.0","1,567.0","-18.0","966,300","0","2,454,200","0.00","-","1,580.80","1,620.20","-","1,386,820","1,489,136","0"
"2023/07/11","1,600.0","1,606.0","1,585.0","1,585.0","-4.0","760,200","0","2,450,100","0.00","-","1,598.60","1,619.80","-","1,375,320","1,494,596","0"
"2023/07/10","1,600.0","1,619.0","1,583.0","1,589.0","+4.0","1,068,300","0","2,415,800","0.00","-","1,613.60","1,618.96","-","1,445,020","1,516,736","0"
"2023/07/07","1,565.0","1,604.0","1,563.0","1,585.0","+7.0","1,507,000","0","2,452,000","0.00","-","1,624.20","1,618.60","-","1,397,160","1,524,224","0"
"2023/07/06","1,637.0","1,640.0","1,576.0","1,578.0","-78.0","2,632,300","0","2,770,000","0.00","-","1,636.80","1,618.32","-","1,277,040","1,533,736","0"
"2023/07/05","1,664.0","1,666.0","1,638.0","1,656.0","-4.0","908,800","0","2,711,200","0.00","-","1,644.80","1,618.44","-","1,052,380","1,474,496","0"
"2023/07/04","1,639.0","1,675.0","1,634.0","1,660.0","+18.0","1,108,700","0","2,072,300","0.00","-","1,636.40","1,616.60","-","1,242,740","1,472,376","0"
"2023/07/03","1,640.0","1,657.0","1,632.0","1,642.0","-6.0","829,000","0","2,128,100","0.00","-","1,634.20","1,615.28","-","1,233,240","1,482,168","0"
"2023/06/30","1,615.0","1,655.0","1,613.0","1,648.0","+30.0","906,400","0","2,217,700","0.00","-","1,636.20","1,613.80","-","1,218,800","1,514,820","0"
"2023/06/29","1,601.0","1,625.0","1,583.0","1,618.0","+4.0","1,509,000","0","2,276,400","0.00","-","1,636.40","1,613.48","-","1,304,620","1,519,452","0"
"2023/06/28","1,659.0","1,659.0","1,604.0","1,614.0","-35.0","1,860,600","0","2,248,400","0.00","-","1,646.00","1,614.20","-","1,327,000","1,500,876","0"
"2023/06/27","1,650.0","1,675.0","1,638.0","1,649.0","-3.0","1,061,200","0","2,186,800","0.00","-","1,665.00","1,616.60","-","1,460,140","1,491,304","0"
"2023/06/26","1,640.0","1,661.0","1,632.0","1,652.0","+3.0","756,800","0","2,208,400","0.00","-","1,673.60","1,615.60","-","1,771,780","1,569,668","0"
"2023/06/23","1,672.0","1,676.0","1,622.0","1,649.0","-17.0","1,335,500","0","2,214,100","0.00","-","1,668.20","1,615.40","-","1,950,740","1,615,140","0"
"2023/06/22","1,693.0","1,704.0","1,659.0","1,666.0","-43.0","1,620,900","0","2,192,500","0.00","-","1,665.80","1,615.80","-","2,151,300","1,684,372","0"
"2023/06/21","1,720.0","1,768.0","1,700.0","1,709.0","+17.0","2,526,300","0","2,238,700","0.00","-","1,647.40","1,618.48","-","2,143,220","1,752,528","0"
"2023/06/20","1,634.0","1,704.0","1,633.0","1,692.0","+67.0","2,619,400","0","2,206,600","0.00","-","1,618.40","1,619.16","-","1,925,860","1,789,692","0"
"2023/06/19","1,651.0","1,668.0","1,617.0","1,625.0","-12.0","1,651,600","0","2,259,400","0.00","-","1,594.40","1,620.52","-","1,666,280","1,959,392","0"
"2023/06/16","1,594.0","1,644.0","1,591.0","1,637.0","+63.0","2,338,300","0","2,246,600","0.00","-","1,589.60","1,627.84","-","1,629,300","2,038,804","0"
"2023/06/15","1,559.0","1,616.0","1,555.0","1,574.0","+10.0","1,580,500","0","2,270,000","0.00","-","1,585.60","1,634.80","-","1,512,820","2,110,300","0"
"2023/06/14","1,578.0","1,580.0","1,555.0","1,564.0","-8.0","1,439,500","0","2,319,600","0.00","-","1,582.00","1,645.20","-","1,536,260","2,272,540","0"
"2023/06/13","1,593.0","1,600.0","1,570.0","1,572.0","-29.0","1,321,500","0","2,332,100","0.00","-","1,580.60","1,653.04","-","1,468,920","2,379,896","0"
"2023/06/12","1,621.0","1,640.0","1,595.0","1,601.0","-16.0","1,466,700","0","2,366,500","0.00","-","1,579.00","1,658.20","-","1,467,360","2,456,572","0"
"2023/06/09","1,560.0","1,617.0","1,560.0","1,617.0","+61.0","1,755,900","0","2,278,500","0.00","-","1,574.80","1,662.04","-","1,425,120","2,533,096","0"
"2023/06/08","1,553.0","1,610.0","1,552.0","1,556.0","-1.0","1,697,700","0","2,276,500","0.00","-","1,567.00","1,664.44","-","1,422,900","2,665,492","0"
"2023/06/07","1,550.0","1,573.0","1,549.0","1,557.0","-7.0","1,102,800","0","2,217,400","0.00","-","1,572.00","1,666.84","-","1,313,620","2,721,416","0"
"2023/06/06","1,571.0","1,574.0","1,550.0","1,564.0","-16.0","1,313,700","0","2,206,600","0.00","-","1,582.60","1,666.96","-","1,264,220","2,773,692","0"
"2023/06/05","1,593.0","1,595.0","1,561.0","1,580.0","+2.0","1,255,500","0","2,209,600","0.00","-","1,595.20","1,667.68","-","1,272,180","2,791,588","0"
"2023/06/02","1,575.0","1,589.0","1,559.0","1,578.0","-3.0","1,744,800","0","2,193,200","0.00","-","1,600.20","1,666.28","-","1,350,140","2,918,512","0"
"2023/06/01","1,601.0","1,619.0","1,581.0","1,581.0","-29.0","1,151,300","0","2,258,600","0.00","-","1,612.60","1,665.68","-","1,205,620","3,025,436","0"
"2023/05/31","1,625.0","1,629.0","1,600.0","1,610.0","-17.0","855,800","0","2,236,500","0.00","-","1,623.60","1,667.64","-","1,184,280","3,104,864","0"
"2023/05/30","1,599.0","1,640.0","1,583.0","1,627.0","+22.0","1,353,500","0","2,225,800","0.00","-","1,636.40","1,669.56","-","1,337,380","3,393,444","0"
"2023/05/29","1,642.0","1,645.0","1,596.0","1,605.0","-35.0","1,645,300","0","2,241,400","0.00","-","1,635.80","1,669.84","-","1,670,740","3,654,852","0"
"2023/05/26","1,639.0","1,663.0","1,619.0","1,640.0","+4.0","1,022,200","0","2,312,800","0.00","-","1,644.20","1,671.92","-","1,720,400","4,012,480","0"
"2023/05/25","1,670.0","1,680.0","1,635.0","1,636.0","-38.0","1,044,600","0","2,396,000","0.00","-","1,648.00","1,675.52","-","2,129,220","4,322,180","0"
"2023/05/24","1,620.0","1,690.0","1,617.0","1,674.0","+50.0","1,621,300","0","2,361,100","0.00","-","1,667.40","1,681.76","-","2,585,260","4,886,268","0"
"2023/05/23","1,664.0","1,690.0","1,624.0","1,624.0","-23.0","3,020,300","0","2,401,900","0.00","-","1,677.80","1,680.04","-","2,952,080","5,127,172","0"
"2023/05/22","1,626.0","1,677.0","1,623.0","1,647.0","-12.0","1,893,600","0","2,398,000","0.00","-","1,698.20","1,681.44","-","3,720,400","5,325,532","0"
"2023/05/19","1,729.0","1,729.0","1,656.0","1,659.0","-74.0","3,066,300","0","2,338,300","0.00","-","1,730.40","1,678.52","-","4,069,060","5,592,872","0"
"2023/05/18","1,757.0","1,768.0","1,695.0","1,733.0","+7.0","3,324,800","0","2,245,800","0.00","-","1,760.80","1,673.92","-","4,280,940","6,103,056","0"
"2023/05/17","1,703.0","1,755.0","1,693.0","1,726.0","0.0","3,455,400","0","2,311,400","0.00","-","1,781.00","1,668.04","-","4,743,280","6,580,064","0"
"2023/05/16","1,760.0","1,826.0","1,721.0","1,726.0","-82.0","6,861,900","0","2,162,800","0.00","-","1,787.80","1,656.76","-","4,876,880","6,755,728","0"
"2023/05/15","1,845.0","1,860.0","1,782.0","1,808.0","-3.0","3,636,900","0","1,672,300","0.00","-","1,782.80","1,641.24","-","4,152,180","6,745,248","0"
"2023/05/12","1,818.0","1,842.0","1,781.0","1,811.0","-23.0","4,125,700","0","1,667,600","0.00","-","1,760.60","1,624.48","-","4,100,760","6,955,092","0"
"2023/05/11","1,775.0","1,841.0","1,745.0","1,834.0","+74.0","5,636,500","0","1,715,100","0.00","-","1,733.80","1,605.28","-","4,288,780","7,055,868","0"
"2023/05/10","1,715.0","1,760.0","1,710.0","1,760.0","+59.0","4,123,400","0","1,667,500","0.00","-","1,690.20","1,583.68","-","3,780,640","7,114,020","0"
"2023/05/09","1,707.0","1,744.0","1,694.0","1,701.0","+4.0","3,238,400","0","1,841,900","0.00","-","1,650.20","1,561.96","-","3,437,900","7,049,132","0"
"2023/05/08","1,700.0","1,714.0","1,665.0","1,697.0","+20.0","3,379,800","0","1,787,500","0.00","-","1,626.40","1,541.32","-","3,142,440","7,163,636","0"
"2023/05/02","1,643.0","1,710.0","1,628.0","1,677.0","+61.0","5,065,800","0","1,831,100","0.00","-","1,596.00","1,521.64","-","3,352,200","7,760,892","0"
"2023/05/01","1,620.0","1,634.0","1,581.0","1,616.0","+56.0","3,095,800","0","1,967,700","0.00","-","1,573.20","-","-","3,222,620","0","0"
"2023/04/28","1,601.0","1,622.0","1,554.0","1,560.0","-22.0","2,409,700","0","1,762,600","0.00","-","1,576.00","-","-","3,230,860","0","0"
"2023/04/27","1,545.0","1,592.0","1,544.0","1,582.0","+37.0","1,761,100","0","1,786,800","0.00","-","1,595.60","-","-","4,362,980","0","0"
"2023/04/26","1,530.0","1,574.0","1,519.0","1,545.0","-18.0","4,428,600","0","1,855,900","0.00","-","1,606.00","-","-","5,588,500","0","0"
"2023/04/25","1,630.0","1,639.0","1,560.0","1,563.0","-67.0","4,417,900","0","1,854,200","0.00","-","1,628.40","-","-","6,819,980","0","0"
"2023/04/24","1,704.0","1,706.0","1,627.0","1,630.0","-28.0","3,137,000","0","1,757,400","0.00","-","1,661.80","-","-","7,689,340","0","0"
"2023/04/21","1,660.0","1,714.0","1,636.0","1,658.0","+24.0","8,070,300","0","1,828,300","0.00","-","1,694.20","-","-","10,091,300","0","0"
"2023/04/20","1,630.0","1,685.0","1,583.0","1,634.0","-23.0","7,888,700","0","1,986,900","0.00","-","1,688.80","-","-","10,006,020","0","0"
"2023/04/19","1,750.0","1,784.0","1,643.0","1,657.0","-73.0","10,586,000","0","2,143,900","0.00","-","1,693.80","-","-","10,024,140","0","0"
"2023/04/18","1,742.0","1,771.0","1,710.0","1,730.0","-62.0","8,764,700","0","2,236,500","0.00","-","1,677.20","-","-","9,622,360","0","0"
"2023/04/17","1,648.0","1,805.0","1,647.0","1,792.0","+161.0","15,146,800","0","1,769,500","0.00","-","1,640.00","-","-","11,033,600","0","0"
"2023/04/14","1,698.0","1,699.0","1,612.0","1,631.0","-28.0","7,643,900","0","1,965,900","0.00","-","1,598.80","-","-","11,054,240","0","0"
"2023/04/13","1,569.0","1,668.0","1,563.0","1,659.0","+85.0","7,979,300","0","1,851,500","0.00","-","1,561.40","-","-","11,094,860","0","0"
"2023/04/12","1,513.0","1,599.0","1,508.0","1,574.0","+30.0","8,577,100","0","2,031,400","0.00","-","1,497.20","-","-","10,818,980","0","0"
"2023/04/11","1,640.0","1,680.0","1,526.0","1,544.0","-42.0","15,820,900","0","2,079,600","0.00","-","1,460.20","-","-","10,880,160","0","0"
"2023/04/10","1,490.0","1,629.0","1,464.0","1,586.0","+142.0","15,250,000","0","1,823,100","0.00","-","1,417.60","-","-","9,045,000","0","0"
"2023/04/07","1,368.0","1,459.0","1,360.0","1,444.0","+106.0","7,847,000","0","1,754,900","0.00","-","1,359.20","-","-","7,413,060","0","0"
"2023/04/06","1,400.0","1,435.0","1,335.0","1,338.0","-51.0","6,599,900","0","1,650,000","0.00","-","1,313.80","-","-","6,343,900","0","0"
"2023/04/05","1,340.0","1,443.0","1,317.0","1,389.0","+58.0","8,883,000","0","1,467,800","0.00","-","1,283.20","-","-","6,244,120","0","0"
"2023/04/04","1,320.0","1,363.0","1,308.0","1,331.0","+37.0","6,645,100","0","1,180,200","0.00","-","1,246.40","-","-","8,129,760","0","0"
"2023/04/03","1,234.0","1,305.0","1,234.0","1,294.0","+77.0","7,090,300","0","873,800","0.00","-","-","-","-","0","0","0"
"2023/03/31","1,198.0","1,218.0","1,193.0","1,217.0","+32.0","2,501,200","0","318,200","0.00","-","-","-","-","0","0","0"
"2023/03/30","1,229.0","1,245.0","1,183.0","1,185.0","-20.0","6,101,000","0","334,900","0.00","-","-","-","-","0","0","0"
"2023/03/29","1,222.0","1,227.0","1,172.0","1,205.0","0.0","18,311,200","-","-","-","-","-","-","-","0","0","0"
